pa_id,name,type,area_ha,date_declared,state,longitude,latitude
TAS_50251,South Bruny,National Park,0.01979805,1919/01/13 13:00:00+00,TAS,147.1459046,-43.49757306
QLD_0061NTB001,Northumberland Islands,National Park,1769.475599,1937/04/30 14:00:00+00,QLD,149.8000005,-21.60212159
WA_53387,Niiwalarra Islands,National Park,3352.239717,2019/12/03 13:00:00+00,WA,126.546147,-13.89004764
QLD_1029HBT001,Humboldt,National Park,7701.495199,2009/09/24 14:00:00+00,QLD,148.9563125,-24.20771879
TAS_50253,Strzelecki,National Park,0.16803337,1967/03/14 13:00:00+00,TAS,148.122402,-40.27440875
TAS_50252,Southwest,National Park,0.41320511,1951/10/23 13:00:00+00,TAS,145.9261845,-43.41796802
QLD_0903KRN001,Kinrara,National Park,7608.567535,2003/10/09 13:00:00+00,QLD,144.9509152,-18.4549658
TAS_50252,Southwest,National Park,0.6282725,1951/10/23 13:00:00+00,TAS,145.96973,-43.42511023
NSW_N0071,Biamanga,National Park,13569.30469,1994/11/29 13:00:00+00,NSW,149.9501846,-36.45513187
NT_PA115,Charles Darwin,National Park,1302.804195,1998/04/07 14:00:00+00,NT,130.8763817,-12.45135098
QLD_0938CRG001,Cherbourg,National Park,998.0267256,2001/05/03 14:00:00+00,QLD,151.9918414,-26.41135958
TAS_50252,Southwest,National Park,7.92876565,1951/10/23 13:00:00+00,TAS,146.5826032,-43.5697529
TAS_50244,Maria Island,National Park,0.14187822,1971/06/01 14:00:00+00,TAS,148.1414397,-42.62612416
TAS_50252,Southwest,National Park,0.11310526,1951/10/23 13:00:00+00,TAS,146.8373687,-43.63863504
ACT_39,Namadgi,National Park,1.49461465,2013/03/17 13:00:00+00,ACT,149.0536809,-35.67193485
QLD_0814CUD001,Cudmore (Limited Depth),National Park,21217.80542,1998/10/22 13:00:00+00,QLD,146.2939299,-22.94086869
CWTH_09,Norfolk Island (Phillip Island),National Park (Commonwealth),192.0799902,1996/02/06 13:00:00+00,EXT,167.9487534,-29.1230695
NT_PA97,Tjoritja / West MacDonnell,National Park,3.1724126,1992/09/29 14:00:00+00,NT,133.8639961,-23.64459229
TAS_50252,Southwest,National Park,0.37532759,1951/10/23 13:00:00+00,TAS,146.4475327,-43.53694577
TAS_50251,South Bruny,National Park,0.07948749,1919/01/13 13:00:00+00,TAS,147.2985836,-43.51541778
WA_2803,Murujuga,National Park,3640.519888,2013/01/14 13:00:00+00,WA,116.8201015,-20.55323178
TAS_50251,South Bruny,National Park,0.07096887,1919/01/13 13:00:00+00,TAS,147.3010475,-43.51811377
QLD_1051ALW001,Alwal,National Park Aboriginal,42526.96007,2010/05/27 14:00:00+00,QLD,143.5841517,-15.20434663
VIC_4882,Barmah,National Park,28489.78109,2010/06/26 14:00:00+00,VIC,145.066254,-35.90694243
TAS_50246,Mount Field,National Park,0.66543922,1916/08/28 14:00:00+00,TAS,146.71918,-42.68324778
NSW_N0130,Nowendoc,National Park,17343.94656,1998/12/31 13:00:00+00,NSW,151.5972171,-31.55318901
TAS_50252,Southwest,National Park,0.25361281,1951/10/23 13:00:00+00,TAS,145.7512752,-43.16182283
NT_PA97,Tjoritja / West MacDonnell,National Park,7.2778241,1970/06/01 14:00:00+00,NT,133.5820997,-23.60042477
NSW_N0088,Coolah Tops,National Park,16246.36072,1996/07/04 14:00:00+00,NSW,150.096485,-31.76576143
TAS_50252,Southwest,National Park,0.6191524,1951/10/23 13:00:00+00,TAS,145.6157904,-43.01363178
TAS_50251,South Bruny,National Park,0.24758826,1919/01/13 13:00:00+00,TAS,147.3594619,-43.40305676
NSW_N1045,Barayamal,CCA Zone 1 National Park,177.7099483,2005/11/30 13:00:00+00,NSW,151.1522924,-29.79008495
VIC_4884,Gunbower,National Park,9316.591967,2010/06/26 14:00:00+00,VIC,144.3242355,-35.83064185
TAS_50252,Southwest,National Park,3.17199523,1951/10/23 13:00:00+00,TAS,146.1519484,-42.8343557
QLD_0151BUR001,Burleigh Head,National Park,25.95673104,1947/04/04 13:00:00+00,QLD,153.4566387,-28.09488479
TAS_50252,Southwest,National Park,0.74912944,1951/10/23 13:00:00+00,TAS,145.93221,-43.40946682
TAS_50252,Southwest,National Park,0.66070877,1951/10/23 13:00:00+00,TAS,146.0072854,-43.46722938
NSW_N0113,Mutawintji,National Park,67826.89207,1998/09/03 14:00:00+00,NSW,142.416774,-31.0707072
TAS_50251,South Bruny,National Park,0.24650684,1919/01/13 13:00:00+00,TAS,147.2413711,-43.47050887
NT_PA59,Finke Gorge,National Park,115.0498565,1966/10/27 13:00:00+00,NT,132.8460008,-24.10100842
QLD_0576FLY001,Fort Lytton,National Park,12.849244,1990/02/02 13:00:00+00,QLD,153.1507231,-27.41323154
QLD_0244SNK001,Snake Range,National Park,2689.024336,1972/09/15 14:00:00+00,QLD,147.5834246,-24.03874287
NT_PA97,Tjoritja / West MacDonnell,National Park,204.7630457,1992/09/29 14:00:00+00,NT,133.8589935,-23.65010341
QLD_1049PMI001,Pumicestone,National Park,1014.564864,2010/06/03 14:00:00+00,QLD,153.060564,-26.99279198
NT_PA118,Mary River,National Park,262.0345114,1992/09/03 14:00:00+00,NT,131.8910215,-12.38507032
TAS_50241,Freycinet,National Park,0.09721136,1916/08/28 14:00:00+00,TAS,148.3200365,-42.2649616
TAS_50252,Southwest,National Park,0.07114165,1951/10/23 13:00:00+00,TAS,146.2914764,-43.61264368
NSW_N0162,Bugong,National Park,1003.482904,2000/12/31 13:00:00+00,NSW,150.4364836,-34.82953463
QLD_0242MAR001,Maria Creek,National Park,747.515275,1976/10/01 14:00:00+00,QLD,146.0702814,-17.77828052
NSW_N0005,Bouddi,National Park,1617.741004,1967/09/30 14:00:00+00,NSW,151.4024018,-33.51840418
NSW_N1140,Goolawah,National Park,573.156707,2010/05/20 14:00:00+00,NSW,152.9649696,-31.21314559
TAS_50245,Mole Creek Karst,National Park,41.20969289,1939/08/15 14:00:00+00,TAS,146.3947012,-41.60660298
NSW_N0002,Barrington Tops,National Park,76914.99114,1969/12/02 13:00:00+00,NSW,151.5109579,-32.0712882
TAS_50244,Maria Island,National Park,0.03713582,1971/06/01 14:00:00+00,TAS,148.0891232,-42.69477938
TAS_50252,Southwest,National Park,0.29683977,1951/10/23 13:00:00+00,TAS,145.9321132,-43.42102445
TAS_50251,South Bruny,National Park,0.17048669,1919/01/13 13:00:00+00,TAS,147.1793154,-43.49098277
TAS_50252,Southwest,National Park,48.72072853,1951/10/23 13:00:00+00,TAS,145.9673431,-43.42130022
NT_PA97,Tjoritja / West MacDonnell,National Park,6443.325775,1993/02/24 13:00:00+00,NT,132.7671246,-23.67773724
NSW_N0175,Paroo-Darling,National Park,183176.4732,2000/03/30 13:00:00+00,NSW,143.5454446,-30.81187877
QLD_0201ISL001,Isla Gorge,National Park,7889.538379,1983/10/28 13:00:00+00,QLD,149.9295788,-25.14116377
QLD_0219PMG001,Palmgrove,National Park (Scientific),25009.98712,1991/05/31 14:00:00+00,QLD,149.2703234,-24.99124843
TAS_50251,South Bruny,National Park,0.10000505,1919/01/13 13:00:00+00,TAS,147.3573863,-43.40403067
SA_1281_1,Munga-Thirri—Simpson Desert,National Park,2915857.075,2021/11/24 13:00:00+00,SA,137.2918003,-26.79306669
TAS_50252,Southwest,National Park,0.28362212,1951/10/23 13:00:00+00,TAS,146.2637531,-43.66210001
QLD_0146CAP001,Capricornia Cays,National Park,193.1406518,1960/01/15 13:00:00+00,QLD,151.7077732,-23.29626994
NT_PA37,Iytwelepenty / Davenport Ranges,National Park,15093.25964,1993/09/02 14:00:00+00,NT,135.1823479,-20.96332645
QLD_0607CWY001,Currawinya,National Park,343867.4946,1991/05/10 14:00:00+00,QLD,144.4911387,-28.50557159
TAS_50244,Maria Island,National Park,0.15391632,1971/06/01 14:00:00+00,TAS,148.0118718,-42.74526266
QLD_0332CON001,Conondale,National Park,35834.68281,1977/09/23 14:00:00+00,QLD,152.5590627,-26.71893333
NSW_N0097,Mount Jerusalem,National Park,5097.255305,1995/12/21 13:00:00+00,NSW,153.3637982,-28.48923174
NSW_N0087,Gardens of Stone,National Park,15634.36999,1994/11/29 13:00:00+00,NSW,150.0779952,-33.18462419
QLD_0275BRC001,Burrum Coast,National Park,25923.418,1960/07/22 14:00:00+00,QLD,152.4629666,-25.04643776
QLD_0210CRW001,Crows Nest,National Park,1796.185818,1967/05/12 14:00:00+00,QLD,152.1185122,-27.26915166
TAS_50244,Maria Island,National Park,0.07735445,1971/06/01 14:00:00+00,TAS,148.1222706,-42.66678967
CWTH_06,Kakadu,National Park (Commonwealth),1911121.915,1979/05/03 14:00:00+00,NT,132.4390744,-12.97884735
NSW_N1071,Yarrobil,CCA Zone 1 National Park,1823.128719,2005/11/30 13:00:00+00,NSW,149.3736764,-32.3084763
WA_40250,Tuart Forest,National Park,1144.764841,1987/10/15 13:00:00+00,WA,115.5009652,-33.57151627
NSW_N0126,Werakata,National Park,3335.006908,1998/12/31 13:00:00+00,NSW,151.4252293,-32.84868138
WA_11710,Yalgorup,National Park,67.21899912,2001/03/20 13:00:00+00,WA,115.6458106,-32.85499099
NSW_N0083,Lane Cove,National Park,718.576034,1992/04/23 14:00:00+00,NSW,151.0917901,-33.74892424
NSW_N0013,Guy Fawkes River,National Park,108235.9702,1972/06/29 14:00:00+00,NSW,152.2025009,-29.95951116
WA_47664,Greater Beedelup,National Park,19286.95798,2004/12/07 13:00:00+00,WA,115.8644049,-34.37315063
TAS_50252,Southwest,National Park,0.43092267,1951/10/23 13:00:00+00,TAS,146.416976,-43.53821388
TAS_50252,Southwest,National Park,0.41227778,1951/10/23 13:00:00+00,TAS,146.4633687,-43.54210537
TAS_50252,Southwest,National Park,0.09479524,1951/10/23 13:00:00+00,TAS,146.2429615,-43.66229637
NSW_N0138,Capoompeta,National Park,4278.786086,1998/12/31 13:00:00+00,NSW,152.0091096,-29.38677095
VIC_4862,Cobboboonee,National Park,1.96006583,2008/11/10 13:00:00+00,VIC,141.3839603,-38.07279434
TAS_50251,South Bruny,National Park,0.06711091,1919/01/13 13:00:00+00,TAS,147.1456758,-43.49741792
QLD_0075PER001,Percy Isles,National Park,3506.935053,1938/06/17 14:00:00+00,QLD,150.2678368,-21.65028152
SA_0250,Lake Frome,National Park,259361.46,2021/11/24 13:00:00+00,SA,139.7804196,-30.75907672
WA_30082,Karijini,National Park,624428.0041,1969/10/30 13:00:00+00,WA,118.2743858,-22.96831778
QLD_0954GTN001,Gatton,National Park,425.8038395,2000/11/09 13:00:00+00,QLD,152.3017645,-27.6058087
WA_54303,Pimbee,National Park,93748.06876,2023/07/13 14:00:00+00,WA,114.832942,-25.43124358
TAS_50254,Tasman,National Park,0.02004408,1917/07/17 14:00:00+00,TAS,147.9656355,-42.88325882
QLD_0914DND001,Dinden,National Park,21073.12614,2001/09/13 14:00:00+00,QLD,145.6390316,-16.99453922
QLD_0073DAG001,D'Aguilar,National Park,39227.78081,1930/05/23 14:00:00+00,QLD,152.7596174,-27.37707244
QLD_0327TPZ001,Topaz Road,National Park,37.35389902,1977/05/20 14:00:00+00,QLD,145.7013868,-17.39878668
WA_54224,Matuwa Kurrara Kurrara,National Park,609321.0498,2023/04/23 14:00:00+00,WA,121.7050909,-25.70647131
NSW_N1122,Yarrahapinni Wetlands,National Park,1345.270413,2007/02/27 13:00:00+00,NSW,152.971564,-30.88074769
NT_PA59,Finke Gorge,National Park,3021.003886,1966/10/27 13:00:00+00,NT,132.8645172,-24.12484741
NSW_N0012,Gibraltar Range,National Park,25399.54873,1967/09/30 14:00:00+00,NSW,152.3599496,-29.52370439
NSW_N0149,Ulidarra,National Park,683.5617014,1998/12/31 13:00:00+00,NSW,153.0850819,-30.25070964
QLD_0378BEN001,Bendidee,National Park,927.5477504,1979/11/23 13:00:00+00,QLD,150.5193235,-28.29844203
TAS_50252,Southwest,National Park,0.22789669,1951/10/23 13:00:00+00,TAS,146.3205769,-43.53585567
TAS_50252,Southwest,National Park,0.34502393,1951/10/23 13:00:00+00,TAS,145.8411813,-43.30946676
QLD_0108HYP001,Mount Hypipamee,National Park,347.8589031,1939/06/02 14:00:00+00,QLD,145.4877868,-17.42449498
VIC_3320,Murray - Sunset,National Park,665846.8151,1979/04/25 14:00:00+00,VIC,141.627735,-34.81552181
QLD_0975GST001,Glastonbury,National Park,527.4659497,2001/05/03 14:00:00+00,QLD,152.5076202,-26.28941023
TAS_50247,Mount William,National Park,14739.5641,1973/10/02 14:00:00+00,TAS,148.2494699,-40.95764012
NT_PA88,Nitmiluk,National Park,13383.80582,1977/10/18 13:00:00+00,NT,132.4064672,-14.07775135
NT_PA131,Limmen,National Park,369734.2344,2012/06/25 14:00:00+00,NT,135.2346726,-15.46935225
QLD_1065PNL001,Pinnacles,National Park,7409.443646,2011/03/24 13:00:00+00,QLD,146.6340482,-19.42661873
QLD_0532BBI001,Bribie Island,National Park,8612.094609,1988/08/19 14:00:00+00,QLD,153.1239231,-26.89945616
NT_PA59,Finke Gorge,National Park,5.06947751,1966/10/27 13:00:00+00,NT,132.8289644,-24.09675121
NSW_N1064,Pilliga,CCA Zone 1 National Park,10523.38116,2005/11/30 13:00:00+00,NSW,148.9890558,-30.53680137
VIC_3289,Tarra-Bulga,National Park,2027.917217,1956/10/29 13:00:00+00,VIC,146.5874345,-38.43592019
QLD_0182GSY001,Great Sandy,National Park,224467.3697,1968/11/29 13:00:00+00,QLD,153.1452538,-25.24730681
WA_08428,Leeuwin-Naturaliste,National Park,0.35303589,2000/12/03 13:00:00+00,WA,115.1362264,-34.37513682
QLD_0060GRI001,Green Island,National Park,7.88588678,1937/03/24 13:00:00+00,QLD,145.9744634,-16.75959565
TAS_50252,Southwest,National Park,0.07556298,1951/10/23 13:00:00+00,TAS,146.2846126,-43.62388708
NSW_N0123,Cottan-Bimbang,National Park,30577.45879,1998/12/31 13:00:00+00,NSW,152.0941481,-31.34392818
TAS_50252,Southwest,National Park,0.17186326,1951/10/23 13:00:00+00,TAS,146.0854812,-43.54467746
NSW_N1187,Berowra Valley,National Park,3594.674152,2012/09/09 14:00:00+00,NSW,151.1041456,-33.64060566
QLD_0091GLU001,Gloucester Island,National Park,3113.473319,1934/03/30 13:00:00+00,QLD,148.4577231,-20.01331629
NSW_N0122,Tapin Tops,National Park,11156.6492,1998/12/31 13:00:00+00,NSW,152.1943197,-31.65487193
WA_54262,Bunuba,National Park,160245.6473,2023/06/29 14:00:00+00,WA,125.9767921,-17.68209549
NT_PA92,Judbarra / Gregory,National Park,2067.147712,2011/08/22 14:00:00+00,NT,130.6415237,-16.01490402
NT_PA68,Garig Gunak Barlu,National Park,1193.805607,1961/12/18 13:00:00+00,NT,132.6514163,-11.42193774
QLD_0147CPC001,Capricorn Coast,National Park,182.2473265,1973/08/29 14:00:00+00,QLD,150.8076308,-23.28577065
QLD_0025FAM001,Family Islands,National Park,622.6809031,1936/08/14 14:00:00+00,QLD,146.1638668,-17.94767767
WA_2065,Walyunga,National Park,2763.641834,1970/10/22 13:00:00+00,WA,116.0763047,-31.72150948
TAS_50241,Freycinet,National Park,6.15088648,1916/08/28 14:00:00+00,TAS,148.2618785,-42.1778499
WA_47886,Lake Muir,National Park,9636.233208,2004/12/07 13:00:00+00,WA,116.7269757,-34.55949619
NSW_N0197,Saltwater,National Park,32.98255395,2004/09/23 14:00:00+00,NSW,152.5637082,-32.00626398
TAS_50252,Southwest,National Park,1.03190351,1951/10/23 13:00:00+00,TAS,146.1629088,-43.51830973
NSW_N0161,Bimberamala,National Park,4319.636143,2000/12/31 13:00:00+00,NSW,150.113176,-35.47962498
NSW_N0009,Crowdy Bay,National Park,10706.56984,1972/12/14 13:00:00+00,NSW,152.7239615,-31.81495356
QLD_0240DRY001,Dryander,National Park,13337.93297,1989/08/06 14:00:00+00,QLD,148.5827711,-20.23281447
QLD_0165PLU001,Paluma Range,National Park,80008.92637,1968/11/01 13:00:00+00,QLD,146.3077234,-19.10593931
WA_18705,Sir James Mitchell,National Park,172.9839637,1924/08/28 14:00:00+00,WA,116.1461188,-34.34546216
NT_PA90,Elsey,National Park,66.84276886,1995/07/19 14:00:00+00,NT,133.0936437,-14.91735981
NT_PA118,Mary River,National Park,210.6038239,1990/02/08 13:00:00+00,NT,131.7861086,-12.54622893
NSW_N1169,Serpentine Ridge,CCA Zone 1 National Park,353.5046919,2010/12/31 13:00:00+00,NSW,150.6166962,-29.98242712
TAS_50252,Southwest,National Park,0.12322635,1951/10/23 13:00:00+00,TAS,146.6932986,-43.61509227
TAS_50251,South Bruny,National Park,0.03934324,1919/01/13 13:00:00+00,TAS,147.1914402,-43.46650317
QLD_0985TRK001,Teerk Roo Ra,National Park,447.696684,2007/12/06 13:00:00+00,QLD,153.3512895,-27.4998672
QLD_1081NBA001,Ngalba Bulal,National Park,8.14770568,1989/04/21 14:00:00+00,QLD,145.2071836,-15.92320209
TAS_50252,Southwest,National Park,0.15568952,1951/10/23 13:00:00+00,TAS,146.0691751,-43.55862047
WA_31737,Fitzgerald River,National Park,843.1301219,1997/01/09 13:00:00+00,WA,119.2759327,-33.89583438
TAS_50254,Tasman,National Park,0.63623417,1917/07/17 14:00:00+00,TAS,147.9745779,-42.87041376
QLD_1016OKN001,Oakview,National Park,4349.306076,2001/05/03 14:00:00+00,QLD,152.3271101,-26.16640078
NSW_N1202,Mount Grenfell,National Park,9200.845969,2020/11/30 13:00:00+00,NSW,145.3311788,-31.27065104
WA_01090,Stirling Range,National Park,258.9841177,1913/06/05 14:00:00+00,WA,118.3424048,-34.44404192
QLD_1092OLN001,Olkola,National Park Aboriginal,373588.7143,2014/12/11 13:00:00+00,QLD,143.1180009,-15.55693944
NT_PA118,Mary River,National Park,3.95309974,1966/05/19 14:00:00+00,NT,131.9036702,-12.24334318
WA_50325,Dirk Hartog Island,National Park,62664.35046,2009/10/27 13:00:00+00,WA,113.0795275,-25.86647965
NSW_N0105,Dunggir,National Park,2582.853021,1996/12/31 13:00:00+00,NSW,152.6832652,-30.66907532
TAS_50252,Southwest,National Park,0.14055965,1951/10/23 13:00:00+00,TAS,145.9594909,-43.42575283
NSW_N0135,Indwarra,National Park,930.9967858,1998/12/31 13:00:00+00,NSW,151.252748,-30.07908916
TAS_50252,Southwest,National Park,0.1980951,1951/10/23 13:00:00+00,TAS,146.6396359,-43.58515916
TAS_50244,Maria Island,National Park,0.18826167,1971/06/01 14:00:00+00,TAS,148.0895349,-42.69508047
TAS_50252,Southwest,National Park,1.97147043,1951/10/23 13:00:00+00,TAS,146.3664485,-43.53551303
QLD_0598THR001,Thrushton,National Park,25661.19148,1990/11/23 13:00:00+00,QLD,147.6806918,-27.78721457
WA_47888,Mount Frankland North,National Park,22069.46481,2004/12/07 13:00:00+00,WA,116.6863875,-34.66449011
WA_40836,Shannon,National Park,52622.23101,1988/12/22 13:00:00+00,WA,116.3902129,-34.70832923
TAS_50254,Tasman,National Park,0.92677759,1917/07/17 14:00:00+00,TAS,147.7099779,-43.1912499
QLD_0553HNN001,Hann Tableland,National Park,10797.67451,1989/03/31 13:00:00+00,QLD,145.2208586,-16.87498968
TAS_50252,Southwest,National Park,0.47328703,1951/10/23 13:00:00+00,TAS,146.1839175,-43.53477635
NSW_N0085,Conjola,National Park,11549.42431,1994/11/29 13:00:00+00,NSW,150.4910182,-35.17821438
NSW_N1067,Timmallallie,CCA Zone 1 National Park,39342.51345,2005/11/30 13:00:00+00,NSW,149.2730702,-30.77504929
VIC_4492,Greater Bendigo,National Park,17508.88321,1986/06/25 14:00:00+00,VIC,144.4444292,-36.51943819
NSW_N0067,Kings Plains,National Park,8210.215158,1988/01/21 13:00:00+00,NSW,151.3696485,-29.59765037
NT_PA118,Mary River,National Park,27496.09675,1977/07/13 14:00:00+00,NT,131.6271101,-12.37098911
NT_PA116,Djukbinj,National Park,11917.85275,1978/01/10 13:00:00+00,NT,131.4486163,-12.55808973
TAS_50252,Southwest,National Park,5.2141099,1951/10/23 13:00:00+00,TAS,145.9309953,-43.41217662
WA_40250,Tuart Forest,National Park,264.7523103,1994/06/13 14:00:00+00,WA,115.5682805,-33.47912521
TAS_50252,Southwest,National Park,0.19720128,1951/10/23 13:00:00+00,TAS,146.2554811,-43.62931624
NT_PA118,Mary River,National Park,7670.165846,1993/03/21 13:00:00+00,NT,131.6449191,-12.77346162
NSW_N0008,Cocoparra,National Park,8298.73409,1969/12/02 13:00:00+00,NSW,146.2361765,-34.08872862
QLD_1042BPE001,Bellthorpe,National Park,7599.330531,2000/11/09 13:00:00+00,QLD,152.7122415,-26.873773
WA_09868,Yanchep,National Park,2913.085429,1935/10/10 13:00:00+00,WA,115.6696587,-31.52862238
TAS_50252,Southwest,National Park,0.14581143,1951/10/23 13:00:00+00,TAS,146.2742887,-43.63631964
QLD_0235DAV001,Davies Creek,National Park,499.5148773,1971/06/04 14:00:00+00,QLD,145.5809241,-17.00373112
TAS_50254,Tasman,National Park,0.13487583,1917/07/17 14:00:00+00,TAS,147.8481352,-43.19112861
NSW_N0104,Chaelundi,National Park,19121.76565,1996/12/31 13:00:00+00,NSW,152.5248493,-30.00984916
VIC_3292,Kinglake,National Park,23126.91523,1928/02/27 13:00:00+00,VIC,145.1997442,-37.41274744
TAS_50241,Freycinet,National Park,0.25342435,1916/08/28 14:00:00+00,TAS,148.3353495,-42.22955812
VIC_3306,Organ Pipes,National Park,152.557758,1971/12/13 13:00:00+00,VIC,144.7664939,-37.66722754
WA_35004,Boorabbin,National Park,28168.40672,1977/11/10 13:00:00+00,WA,120.1489529,-31.25790185
WA_46400,Unnamed WA46400,National Park,1570.872192,2000/12/12 13:00:00+00,WA,115.1806754,-34.10168973
VIC_3303,Mount Buffalo,National Park,27483.78518,1898/11/03 13:00:00+00,VIC,146.7726095,-36.69750992
WA_13045,Walpole-Nornalup,National Park,409.6911454,1910/09/29 14:00:00+00,WA,116.8098991,-34.98327876
TAS_50252,Southwest,National Park,0.08466233,1951/10/23 13:00:00+00,TAS,146.5806859,-43.57247822
NSW_N0143,Maryland,National Park,2288.29689,1998/12/31 13:00:00+00,NSW,152.0751838,-28.49949636
TAS_50251,South Bruny,National Park,0.13905572,1919/01/13 13:00:00+00,TAS,147.108049,-43.44114175
TAS_50249,Rocky Cape,National Park,313.262134,1967/06/20 14:00:00+00,TAS,145.5774455,-40.91967293
QLD_0389REL001,Reliance Creek,National Park,28.69431835,1980/05/09 14:00:00+00,QLD,149.1112809,-21.04619341
TAS_50252,Southwest,National Park,0.07835672,1951/10/23 13:00:00+00,TAS,146.5269983,-43.5728065
TAS_50252,Southwest,National Park,0.02543511,1951/10/23 13:00:00+00,TAS,145.8106894,-43.30675348
TAS_50254,Tasman,National Park,0.04185563,1917/07/17 14:00:00+00,TAS,147.8629243,-43.20508628
TAS_50241,Freycinet,National Park,1.34803225,1916/08/28 14:00:00+00,TAS,148.3123639,-42.35573921
NSW_N0093,Abercrombie River,National Park,19340.0103,1995/12/21 13:00:00+00,NSW,149.7014014,-34.11272435
TAS_50252,Southwest,National Park,0.5287876,1951/10/23 13:00:00+00,TAS,145.7773757,-43.23083426
SA_1254_1,Glenthorne -Ityamaiitpinna Yarta,National Park,547.611004,2020/05/27 14:00:00+00,SA,138.5462778,-35.04439272
QLD_0581VNB001,Venman Bushland,National Park,426.7868807,1993/09/09 14:00:00+00,QLD,153.1951121,-27.6290978
NSW_N0046,Cathedral Rock,National Park,11071.15115,1978/11/16 13:00:00+00,NSW,152.2056274,-30.43671697
TAS_50254,Tasman,National Park,0.07389888,1917/07/17 14:00:00+00,TAS,148.0091274,-43.13516522
VIC_3298,Little Desert,National Park,131606.6509,1968/12/09 13:00:00+00,VIC,141.8347026,-36.5327765
NSW_N0061,Washpool,National Park,68879.43915,1983/04/21 14:00:00+00,NSW,152.3393634,-29.34962521
VIC_4886,Warby-Ovens,National Park,14708.21087,2010/06/26 14:00:00+00,VIC,146.1849315,-36.27415205
NT_PA88,Nitmiluk,National Park,1.13858486,1997/12/10 13:00:00+00,NT,132.5707506,-13.80853248
TAS_50254,Tasman,National Park,0.14030046,1917/07/17 14:00:00+00,TAS,147.9738033,-42.88549432
WA_27288,Cape Range,National Park,69488.36596,1964/10/08 13:00:00+00,WA,113.9226807,-22.20761693
TAS_50248,Narawntapu,National Park,12.62333888,1976/07/06 14:00:00+00,TAS,146.5713772,-41.16988208
NT_PA131,Limmen,National Park,813.9607033,2012/06/25 14:00:00+00,NT,135.2623109,-14.72270211
WA_31302,Drovers Cave,National Park,2564.498816,1972/05/18 14:00:00+00,WA,115.0893345,-30.23297475
ACT_39,Namadgi,National Park,83.52401342,1993/09/13 14:00:00+00,ACT,148.8990639,-35.6002048
SA_0013,Cleland,National Park,1034.604865,2021/11/24 13:00:00+00,SA,138.6936598,-34.96848828
QLD_0943WTL001,Wietalaba,National Park,1831.236655,2000/11/09 13:00:00+00,QLD,151.2085927,-24.29546384
QLD_0680LCH001,Lochern,National Park,24787.42303,1994/03/03 13:00:00+00,QLD,143.2902369,-24.05722228
NSW_N0014,Hat Head,National Park,7405.286204,1972/07/27 14:00:00+00,NSW,153.0173046,-31.06620574
TAS_50244,Maria Island,National Park,0.42961106,1971/06/01 14:00:00+00,TAS,148.0144874,-42.74278737
TAS_50253,Strzelecki,National Park,84.8603638,1967/03/14 13:00:00+00,TAS,148.0286791,-40.22576771
TAS_50254,Tasman,National Park,0.3774609,1917/07/17 14:00:00+00,TAS,147.9737464,-42.88700875
TAS_50241,Freycinet,National Park,0.18691192,1916/08/28 14:00:00+00,TAS,148.2674873,-42.17677119
TAS_50251,South Bruny,National Park,0.04411062,1919/01/13 13:00:00+00,TAS,147.1079283,-43.44157843
CWTH_10,Pulu Keeling,National Park (Commonwealth),213.0928209,1995/12/11 13:00:00+00,EXT,96.82338674,-11.83239594
NSW_N1193,Khappinghat,National Park,2008.43396,2016/06/06 14:00:00+00,NSW,152.4825125,-31.96396865
NT_PA92,Judbarra / Gregory,National Park,89168.16375,1990/08/13 14:00:00+00,NT,131.2168958,-15.66020086
TAS_50251,South Bruny,National Park,0.35991579,1919/01/13 13:00:00+00,TAS,147.2714585,-43.50003448
TAS_50247,Mount William,National Park,3851.355446,1973/10/02 14:00:00+00,TAS,148.1553971,-41.04280132
NT_PA68,Garig Gunak Barlu,National Park,369.9079383,1981/09/01 14:00:00+00,NT,131.9548078,-11.48055825
WA_54419,Dalgaranga,National Park,135681.6628,2024/06/04 14:00:00+00,WA,117.0489678,-27.90547652
TAS_50252,Southwest,National Park,0.15727641,1951/10/23 13:00:00+00,TAS,146.4921411,-43.53860953
QLD_0230FMS001,Forty Mile Scrub,National Park,6307.044702,1970/06/05 14:00:00+00,QLD,144.8557283,-18.09678711
CWTH_05,Christmas Island,National Park (Commonwealth),8776.653652,1980/02/18 13:00:00+00,EXT,105.6117055,-10.50585093
TAS_50241,Freycinet,National Park,0.01893749,1916/08/28 14:00:00+00,TAS,148.3359575,-42.2317055
TAS_50251,South Bruny,National Park,0.17509664,1919/01/13 13:00:00+00,TAS,147.2988926,-43.53184103
WA_31107,Bandilngan  (Windjana Gorge),National Park,2573.027702,1971/12/09 13:00:00+00,WA,124.9802245,-17.42415344
SA_0757,Malkumba-Coongie Lakes,National Park,26616.63291,1988/12/21 13:00:00+00,SA,140.1590457,-27.24820823
TAS_50252,Southwest,National Park,0.24448154,1951/10/23 13:00:00+00,TAS,146.1284461,-43.52629081
TAS_50254,Tasman,National Park,0.2321576,1917/07/17 14:00:00+00,TAS,147.9962898,-42.92652811
TAS_50241,Freycinet,National Park,0.95413818,1916/08/28 14:00:00+00,TAS,148.3128392,-42.35510042
QLD_0117LZI001,Lizard Island,National Park,937.2439688,1987/07/03 14:00:00+00,QLD,145.4600463,-14.66457116
NT_PA97,Tjoritja / West MacDonnell,National Park,1295.326992,1970/04/08 14:00:00+00,NT,132.5166931,-23.56586023
TAS_50251,South Bruny,National Park,2595.758288,1919/01/13 13:00:00+00,TAS,147.2921008,-43.49403993
NSW_N0168,Meroo,National Park,3839.071092,2000/12/31 13:00:00+00,NSW,150.3700638,-35.47275232
NSW_N1209,Brindingabba,National Park,33942.25512,2022/12/08 13:00:00+00,NSW,144.9038146,-29.08364889
VIC_3317,Coopracambra,National Park,38513.89207,1979/04/25 14:00:00+00,VIC,149.341629,-37.35167632
NSW_N1107,Tilligerry,National Park,141.3069561,2007/06/30 14:00:00+00,NSW,151.9497945,-32.77495011
WA_26890,Dimalurru,National Park,91.0446212,1963/07/18 14:00:00+00,WA,125.1439755,-17.61065648
QLD_0582WHM001,White Mountains,National Park,112569.3125,1990/04/06 14:00:00+00,QLD,145.0030156,-20.51427013
TAS_50248,Narawntapu,National Park,63.6967212,1976/07/06 14:00:00+00,TAS,146.6778657,-41.10962635
TAS_50252,Southwest,National Park,0.11470494,1951/10/23 13:00:00+00,TAS,145.60549,-43.01163363
WA_47670,Blackwood River,National Park,20475.19631,2004/11/29 13:00:00+00,WA,115.3567363,-34.07111086
QLD_0169EXP001,Expedition (Limited Depth),National Park,109135.4209,1987/07/03 14:00:00+00,QLD,149.0482454,-25.27525494
NT_PA93,Keep River,National Park,23324.48341,1981/04/14 14:00:00+00,NT,129.0521652,-15.82703169
NSW_N0140,Goonengerry,National Park,529.5885796,1998/12/31 13:00:00+00,NSW,153.4064272,-28.57895116
QLD_0344CAN001,Cania Gorge,National Park,2923.571824,1977/09/30 14:00:00+00,QLD,150.9852582,-24.68349053
QLD_0335KUR001,Kurrimine Beach,National Park,894.4405967,1977/10/07 13:00:00+00,QLD,146.096556,-17.73065356
TAS_50241,Freycinet,National Park,0.10897972,1916/08/28 14:00:00+00,TAS,148.2861997,-42.33622467
TAS_50244,Maria Island,National Park,0.01673912,1971/06/01 14:00:00+00,TAS,148.1393534,-42.61410171
NSW_N0077,Wyrrabalong,National Park,580.7584573,1991/05/02 14:00:00+00,NSW,151.5322763,-33.29730526
ACT_39,Namadgi,National Park,8.53358051,2023/10/26 13:00:00+00,ACT,148.9545274,-35.75107781
SA_0012,Ikara-Flinders Ranges,National Park,95571.69997,1944/12/31 13:00:00+00,SA,138.5684804,-31.51068014
NSW_N0031,Seven Mile Beach,National Park,962.1918098,1971/11/11 13:00:00+00,NSW,150.7603004,-34.81040535
TAS_50241,Freycinet,National Park,0.0138128,1916/08/28 14:00:00+00,TAS,148.3138884,-42.2668306
SA_0002,Mount Remarkable,National Park,16651.13207,1950/04/05 14:00:00+00,SA,138.0663417,-32.77859392
WA_46233,Lawley River,National Park,17319.06957,2000/07/09 14:00:00+00,WA,125.9135906,-14.69681489
TAS_50252,Southwest,National Park,0.44864509,1951/10/23 13:00:00+00,TAS,146.6048672,-43.56134147
QLD_0962PNP001,Pidna,National Park,152.9169186,2000/11/09 13:00:00+00,QLD,151.9737139,-26.89377605
WA_25313,Greenmount,National Park,202.3095761,1959/04/23 14:00:00+00,WA,116.0629325,-31.9107387
WA_47880,Beelu,National Park,4650.495931,2004/11/29 13:00:00+00,WA,116.1433308,-31.94143008
TAS_50251,South Bruny,National Park,0.02898381,1919/01/13 13:00:00+00,TAS,147.3243184,-43.50362018
NSW_N0114,Bago Bluff,National Park,3978.061663,1998/12/31 13:00:00+00,NSW,152.6364194,-31.52529911
TAS_50251,South Bruny,National Park,0.56679051,1919/01/13 13:00:00+00,TAS,147.1683772,-43.48993633
TAS_50244,Maria Island,National Park,0.38725673,1971/06/01 14:00:00+00,TAS,148.1208859,-42.66888475
TAS_50248,Narawntapu,National Park,0.01713736,1976/07/06 14:00:00+00,TAS,146.5697554,-41.17666432
NSW_N0039,Sydney Harbour,National Park,395.3047419,1975/04/03 13:00:00+00,NSW,151.2905456,-33.8129245
NT_PA37,Iytwelepenty / Davenport Ranges,National Park,15812.46738,2011/05/09 14:00:00+00,NT,135.1120311,-20.87867069
WA_54498,Fitzroy River,National Park,24542.69166,2024/06/12 14:00:00+00,WA,126.3502078,-17.50712394
TAS_50251,South Bruny,National Park,0.02386347,1919/01/13 13:00:00+00,TAS,147.1078995,-43.44020584
NSW_N0015,Heathcote,National Park,2875.415354,1967/09/30 14:00:00+00,NSW,150.9653824,-34.12306202
TAS_50251,South Bruny,National Park,0.06983268,1919/01/13 13:00:00+00,TAS,147.1475079,-43.4944214
QLD_0511CAM001,Wiliyan-ngurru,National Park,13758.48866,1988/01/22 13:00:00+00,QLD,138.1840637,-20.01849962
NT_PA97,Tjoritja / West MacDonnell,National Park,25073.48864,2003/02/27 13:00:00+00,NT,133.303058,-23.7687521
ACT_39,Namadgi,National Park,50.66717353,2013/03/17 13:00:00+00,ACT,149.0391128,-35.66228173
NT_PA68,Garig Gunak Barlu,National Park,1484.316263,1981/09/01 14:00:00+00,NT,132.3111352,-11.58859397
NSW_N0115,Barakee,National Park,4991.968454,1998/12/31 13:00:00+00,NSW,151.8438866,-31.62518161
QLD_0912DNP001,Danbulla,National Park,11425.47191,2003/05/29 14:00:00+00,QLD,145.5809224,-17.12121184
TAS_50252,Southwest,National Park,1.54154595,1951/10/23 13:00:00+00,TAS,146.0064238,-43.45881405
NT_PA131,Limmen,National Park,11844.90525,2012/06/25 14:00:00+00,NT,135.7196971,-16.42582057
TAS_50252,Southwest,National Park,0.19226469,1951/10/23 13:00:00+00,TAS,146.2851275,-43.62399789
TAS_50251,South Bruny,National Park,0.16282361,1919/01/13 13:00:00+00,TAS,147.1295747,-43.48313458
QLD_0509SWA001,Swain Reefs,National Park,56.05131877,1995/06/21 14:00:00+00,QLD,152.4506593,-21.79003244
QLD_0561UDV001,Undara Volcanic,National Park,66347.54698,1989/06/23 14:00:00+00,QLD,144.614508,-18.31026971
TAS_50252,Southwest,National Park,0.43533327,1951/10/23 13:00:00+00,TAS,145.6952203,-43.12073779
NT_PA68,Garig Gunak Barlu,National Park,143.3293681,1981/09/01 14:00:00+00,NT,131.8645459,-11.16237862
TAS_50241,Freycinet,National Park,0.64461048,1916/08/28 14:00:00+00,TAS,148.3389039,-42.13329267
VIC_3336,Kara Kara,National Park,13982.07317,1986/05/01 14:00:00+00,VIC,143.2749586,-36.85865679
TAS_50252,Southwest,National Park,0.2318061,1951/10/23 13:00:00+00,TAS,146.2705658,-43.62989743
TAS_50252,Southwest,National Park,0.03598602,1951/10/23 13:00:00+00,TAS,146.3741902,-43.74002733
NSW_N1185,Dharawal,National Park,6928.598085,2012/03/25 13:00:00+00,NSW,150.8581449,-34.1980539
QLD_0620BGL001,Lake Bindegolly,National Park,12526.19971,1991/12/06 13:00:00+00,QLD,144.1969917,-28.01131115
QLD_4232LIU001,Tagalaka,National Park,78440.8071,2024/06/26 14:00:00+00,QLD,142.6610611,-18.3448057
NSW_N1191,Everlasting Swamp,National Park,2109.892023,2014/11/20 13:00:00+00,NSW,153.0472827,-29.54432465
TAS_50252,Southwest,National Park,1.04480601,1951/10/23 13:00:00+00,TAS,145.9224826,-43.41925727
QLD_0549HOW001,Howick Group,National Park Aboriginal,84.97161536,1989/03/31 13:00:00+00,QLD,144.98858,-14.50791465
NSW_N1124,Gumbaynggirr,National Park,5484.033326,2007/08/09 14:00:00+00,NSW,152.5669279,-30.53634472
NT_PA92,Judbarra / Gregory,National Park,2.90857706,1990/08/13 14:00:00+00,NT,130.1991233,-15.88543177
NSW_N0132,Wallingat,National Park,6484.119012,1998/12/31 13:00:00+00,NSW,152.4196528,-32.29554753
VIC_3308,Wilsons Promontory,National Park,48202.18747,1898/07/07 14:00:00+00,VIC,146.3515471,-38.95729352
VIC_3311,Croajingolong,National Park,88516.61084,1956/10/29 13:00:00+00,VIC,149.3517149,-37.71371752
TAS_50252,Southwest,National Park,0.15835194,1951/10/23 13:00:00+00,TAS,146.6597748,-43.60587597
QLD_0489NCS001,Nicoll Scrub,National Park,26.79793377,1986/08/15 14:00:00+00,QLD,153.4243695,-28.18795764
QLD_0007LAM001,Lamington,National Park,21377.3935,1915/07/30 14:00:00+00,QLD,153.157311,-28.24424476
QLD_0199PCL001,Pipeclay,National Park,14.46589956,1974/08/30 14:00:00+00,QLD,153.0058973,-25.98395427
QLD_0650WDL001,Wondul Range,National Park,14613.02436,1992/11/26 13:00:00+00,QLD,150.9919772,-28.25567597
QLD_0565MCN001,Mount O'Connell,National Park,756.1150399,1989/07/21 14:00:00+00,QLD,150.0415642,-22.74674419
NT_PA118,Mary River,National Park,52341.27591,1995/01/22 13:00:00+00,NT,131.7615699,-13.1281177
QLD_0241MRB001,Moresby Range,National Park,647.6241819,1972/05/19 14:00:00+00,QLD,146.0773231,-17.53408682
NT_PA97,Tjoritja / West MacDonnell,National Park,40236.77708,1992/09/29 14:00:00+00,NT,132.9800727,-23.60120487
SA_0005,Nullarbor,National Park,32526.6738,1979/05/30 14:00:00+00,SA,129.4705996,-31.3410797
WA_42474,Kennedy Range,National Park,142275.2555,1993/01/07 13:00:00+00,WA,115.0510021,-24.57968212
QLD_0588ERR001,Erringibba,National Park,876.4369429,1990/08/24 14:00:00+00,QLD,149.7058385,-27.28893358
QLD_1050TWN001,Tewantin,National Park,4184.47492,2010/06/03 14:00:00+00,QLD,152.8972634,-26.3845184
NSW_N0041,Bundjalung,National Park,21963.67731,1980/01/24 13:00:00+00,NSW,153.3475471,-29.24887812
TAS_50241,Freycinet,National Park,0.33685901,1916/08/28 14:00:00+00,TAS,148.3151915,-42.3628337
NSW_N0058,Tarlo River,National Park,8649.662897,1982/05/27 14:00:00+00,NSW,149.9161368,-34.49839906
TAS_50251,South Bruny,National Park,0.24334307,1919/01/13 13:00:00+00,TAS,147.2980492,-43.51573725
TAS_50251,South Bruny,National Park,0.07402059,1919/01/13 13:00:00+00,TAS,147.3000142,-43.51403772
TAS_50252,Southwest,National Park,0.04372366,1951/10/23 13:00:00+00,TAS,146.3707931,-43.56880316
TAS_50241,Freycinet,National Park,0.09316405,1916/08/28 14:00:00+00,TAS,148.3092788,-42.29849292
TAS_50254,Tasman,National Park,0.13020599,1917/07/17 14:00:00+00,TAS,148.0385625,-43.12002476
NSW_N0078,Nattai,National Park,50995.1522,1991/12/12 13:00:00+00,NSW,150.3996131,-34.23368994
QLD_0009DUL001,Dularcha,National Park,470.2597508,2000/10/10 13:00:00+00,QLD,152.9559666,-26.78645173
VIC_4862,Cobboboonee,National Park,18550.80521,2008/11/10 13:00:00+00,VIC,141.459393,-38.1391274
QLD_4227ENQ001,Expedition,National Park,22554.02287,2015/11/26 13:00:00+00,QLD,148.9346906,-24.91851764
QLD_0024EUN001,Eungella,National Park,62211.30953,1936/03/06 13:00:00+00,QLD,148.5760797,-21.00416166
NSW_N0103,Bellinger River,National Park,2837.413222,1996/12/31 13:00:00+00,NSW,152.6980507,-30.41050154
SA_0223,Vulkathunha-Gammon Ranges,National Park,126245.5512,1970/03/04 13:00:00+00,SA,139.1519699,-30.4096955
QLD_4246GUL001,Gulngay,National Park,4849.506259,1977/09/28 14:00:00+00,QLD,146.0179896,-18.0347897
TAS_50251,South Bruny,National Park,0.09644619,1919/01/13 13:00:00+00,TAS,147.1498642,-43.49231167
TAS_50249,Rocky Cape,National Park,0.15958405,1967/06/20 14:00:00+00,TAS,145.5953964,-40.92977895
TAS_50241,Freycinet,National Park,0.01773337,1916/08/28 14:00:00+00,TAS,148.2299742,-42.29380033
TAS_50244,Maria Island,National Park,0.11022947,1971/06/01 14:00:00+00,TAS,148.1464783,-42.66717782
QLD_0022NAB001,Ngalba-bulal,National Park Aboriginal,42398.47356,2021/09/30 14:00:00+00,QLD,145.1747287,-15.91456035
NSW_N0007,Broadwater,National Park,4098.811809,1974/07/11 14:00:00+00,NSW,153.4122825,-29.06231942
NSW_N0053,Conimbla,National Park,8847.330778,1980/07/17 14:00:00+00,NSW,148.3370389,-33.8436668
TAS_50252,Southwest,National Park,25.8499287,1951/10/23 13:00:00+00,TAS,146.3583394,-43.53484808
QLD_0234MCK001,Mount Cook,National Park,586.4887692,1970/12/11 13:00:00+00,QLD,145.258555,-15.49134865
TAS_50254,Tasman,National Park,0.08050668,1917/07/17 14:00:00+00,TAS,147.9874199,-43.1382725
QLD_0585DAL001,Dalrymple,National Park,1755.472812,1990/06/29 14:00:00+00,QLD,146.108953,-19.79730191
QLD_0458LWN001,Boodjamulla (Lawn Hill),National Park,203161.6772,1984/12/14 13:00:00+00,QLD,138.2781466,-18.6890794
NSW_N1170,Wallabadah,CCA Zone 1 National Park,5.82453763,2010/12/31 13:00:00+00,NSW,150.8217051,-31.54615743
NSW_N0042,Werrikimbe,National Park,35053.86931,1975/07/10 14:00:00+00,NSW,152.2564963,-31.20720827
TAS_50252,Southwest,National Park,0.05129377,1951/10/23 13:00:00+00,TAS,146.2546713,-43.62541408
TAS_50241,Freycinet,National Park,2813.412975,1916/08/28 14:00:00+00,TAS,148.2770842,-42.31840885
NT_PA118,Mary River,National Park,5.73125275,1989/02/16 13:00:00+00,NT,131.6460857,-12.90944868
TAS_50241,Freycinet,National Park,0.1264901,1916/08/28 14:00:00+00,TAS,148.3200409,-42.13450629
QLD_0982GNG001,Grongah,National Park,22905.03895,2000/11/09 13:00:00+00,QLD,152.1386888,-25.92286938
TAS_50252,Southwest,National Park,0.07856501,1951/10/23 13:00:00+00,TAS,145.9259252,-43.41853668
QLD_0267KRM001,Kroombit Tops,National Park,43216.94416,1974/09/27 14:00:00+00,QLD,150.9432463,-24.42426733
TAS_50252,Southwest,National Park,0.23883604,1951/10/23 13:00:00+00,TAS,145.9356779,-43.42073037
WA_47661,Greater Preston,National Park,12672.4507,2004/12/07 13:00:00+00,WA,116.0929777,-33.58678685
QLD_0969WOP001,Warro,National Park,6080.353019,2006/08/09 14:00:00+00,QLD,151.7161979,-24.64767106
TAS_50251,South Bruny,National Park,0.1117758,1919/01/13 13:00:00+00,TAS,147.2753393,-43.50142872
NSW_N0136,Bungawalbin,National Park,3711.214746,1998/12/31 13:00:00+00,NSW,153.1440563,-29.11535816
TAS_50252,Southwest,National Park,0.2133481,1951/10/23 13:00:00+00,TAS,146.2805094,-43.64403341
TAS_50245,Mole Creek Karst,National Park,197.56458,1939/08/15 14:00:00+00,TAS,146.3208523,-41.56776795
NSW_N0107,Mount Royal,National Park,6974.904361,1996/12/31 13:00:00+00,NSW,151.3034978,-32.20434206
QLD_0338COL001,Mount Colosseum,National Park,827.2012975,1977/10/28 13:00:00+00,QLD,151.5885506,-24.4070576
TAS_50252,Southwest,National Park,0.44899307,1951/10/23 13:00:00+00,TAS,146.3565962,-43.53777886
WA_05225,Torndirrup,National Park,3967.48138,1955/09/08 14:00:00+00,WA,117.8793198,-35.09609449
TAS_50252,Southwest,National Park,3.52069629,1951/10/23 13:00:00+00,TAS,145.9328502,-43.42051953
QLD_0006MRA001,Main Range,National Park,38305.03524,1908/08/07 14:00:00+00,QLD,152.2912713,-27.93009643
WA_53770,Cape Range (South),National Park,27082.83792,2020/11/03 13:00:00+00,WA,113.7251415,-22.58857603
QLD_0074NWY001,Newry Islands,National Park,484.8743923,1938/09/23 14:00:00+00,QLD,148.9025208,-20.84201352
NSW_N0010,Dharug,National Park,15324.1347,1967/09/30 14:00:00+00,NSW,151.0646932,-33.3797658
NSW_N0038,Mount Kaputar,National Park,51303.89132,1967/09/30 14:00:00+00,NSW,150.1504354,-30.2869533
NSW_N0011,Dorrigo,National Park,11768.5564,1967/09/30 14:00:00+00,NSW,152.8236126,-30.35399092
TAS_50241,Freycinet,National Park,0.14300128,1916/08/28 14:00:00+00,TAS,148.3183664,-42.1702646
WA_40250,Tuart Forest,National Park,0.01056845,1994/06/13 14:00:00+00,WA,115.5748957,-33.48090896
TAS_50252,Southwest,National Park,4.03267508,1951/10/23 13:00:00+00,TAS,146.1170893,-42.82268682
WA_18987,Porongurup,National Park,2685.902761,1925/09/03 14:00:00+00,WA,117.9124353,-34.69256921
TAS_50244,Maria Island,National Park,0.1097227,1971/06/01 14:00:00+00,TAS,148.1299767,-42.5996787
NSW_N0170,Tallaganda,National Park,16683.82657,2000/12/31 13:00:00+00,NSW,149.4750408,-35.76377409
QLD_1031WKH001,Wickham,National Park,145.9809353,2009/09/24 14:00:00+00,QLD,153.1596139,-27.83086373
TAS_50251,South Bruny,National Park,0.03768986,1919/01/13 13:00:00+00,TAS,147.1147413,-43.4487627
NSW_N0100,Gundabooka,National Park,64025.83666,1996/04/03 13:00:00+00,NSW,145.7462996,-30.58420785
TAS_50254,Tasman,National Park,0.11183459,1917/07/17 14:00:00+00,TAS,147.7789135,-43.22740967
NSW_N1057,Gwydir River,CCA Zone 1 National Park,4699.485426,2005/11/30 13:00:00+00,NSW,150.7547042,-29.92261496
WA_25865,Waychinicup,National Park,3158.155473,1965/05/06 14:00:00+00,WA,118.3798026,-34.89427166
QLD_0010WOO001,Wooroonooran,National Park,115259.0839,1921/09/23 14:00:00+00,QLD,145.80536,-17.36244323
QLD_0988NON001,Nour Nour,National Park,4943.464449,2005/12/15 13:00:00+00,QLD,151.4273892,-25.29929174
NSW_N0064,Warrabah,National Park,5214.161696,1984/07/05 14:00:00+00,NSW,150.9545527,-30.5496461
TAS_50253,Strzelecki,National Park,0.06627247,1967/03/14 13:00:00+00,TAS,148.0875661,-40.26581893
QLD_0609BWD001,Blackwood,National Park,1647.281625,1991/07/05 14:00:00+00,QLD,146.7170946,-21.45672959
QLD_0036GOO001,Goold Island,National Park,816.5400696,1936/11/27 13:00:00+00,QLD,146.1727244,-18.16574628
TAS_50251,South Bruny,National Park,1.35104254,1919/01/13 13:00:00+00,TAS,147.3018646,-43.51690659
TAS_50250,Savage River,National Park,17987.98256,1999/04/29 14:00:00+00,TAS,145.4136417,-41.31437087
QLD_0193LHZ001,Girringun,National Park,300459.5417,1965/04/21 14:00:00+00,QLD,145.755835,-18.34827454
QLD_1077WUY001,Wuthara Island,National Park Aboriginal,106.4071479,1990/07/20 14:00:00+00,QLD,143.4107198,-12.28781329
WA_46126,Goldfields Woodlands,National Park,66145.97985,2000/04/13 14:00:00+00,WA,120.5447212,-31.26687637
TAS_50244,Maria Island,National Park,0.24533671,1971/06/01 14:00:00+00,TAS,148.1437083,-42.62788838
TAS_50252,Southwest,National Park,0.41043223,1951/10/23 13:00:00+00,TAS,145.7383677,-43.1470543
QLD_0638HHG001,Hell Hole Gorge,National Park,12735.25982,1992/06/11 14:00:00+00,QLD,144.1534847,-25.54498292
NSW_N0102,Willi Willi,National Park,32607.14293,1996/04/03 13:00:00+00,NSW,152.4255707,-31.16440495
NT_PA92,Judbarra / Gregory,National Park,10930.2748,2011/08/22 14:00:00+00,NT,130.9133877,-16.00355625
NSW_N0124,Kumbatine,National Park,15388.72582,1998/12/31 13:00:00+00,NSW,152.6073236,-31.14792944
WA_30192,Avon Valley,National Park,4459.113552,1970/08/06 14:00:00+00,WA,116.2207034,-31.61025224
WA_11710,Yalgorup,National Park,14180.07592,1968/01/25 13:00:00+00,WA,115.6470212,-32.8028995
TAS_50251,South Bruny,National Park,0.29780217,1919/01/13 13:00:00+00,TAS,147.1777437,-43.49229487
QLD_4199TML001,Tumoulin,National Park,1871.907652,2010/12/09 13:00:00+00,QLD,145.4927019,-17.57871027
TAS_50251,South Bruny,National Park,0.13086758,1919/01/13 13:00:00+00,TAS,147.136131,-43.46522314
TAS_50252,Southwest,National Park,0.19863394,1951/10/23 13:00:00+00,TAS,145.7765401,-43.22982899
WA_13045,Walpole-Nornalup,National Park,3209.202732,2002/09/11 14:00:00+00,WA,116.876202,-34.97677926
NSW_N0022,Morton,National Park,199584.056,1967/09/30 14:00:00+00,NSW,150.2320171,-34.92624433
VIC_3310,Burrowa - Pine Mountain,National Park,18964.63701,1978/05/15 14:00:00+00,VIC,147.7471821,-36.10215603
TAS_50254,Tasman,National Park,0.01697497,1917/07/17 14:00:00+00,TAS,147.9789294,-43.12002144
SA_1285_1,Hindmarsh Valley,National Park,424.8198562,2021/12/15 13:00:00+00,SA,138.5736939,-35.45460705
NSW_N1161,Jimberoo,National Park,1172.187018,2010/12/31 13:00:00+00,NSW,146.277787,-33.76115752
NSW_N1162,Jindalee,National Park,1037.248211,2010/12/31 13:00:00+00,NSW,148.0391115,-34.51252588
TAS_50251,South Bruny,National Park,0.37523379,1919/01/13 13:00:00+00,TAS,147.2490915,-43.49441766
TAS_50254,Tasman,National Park,0.54291175,1917/07/17 14:00:00+00,TAS,147.7800368,-43.23682282
QLD_0935BNL001,Benarkin,National Park,203.7904353,2000/11/09 13:00:00+00,QLD,152.1713154,-26.76012252
NSW_N1164,Crooked Creek,CCA Zone 1 National Park,727.902126,2010/12/31 13:00:00+00,NSW,151.2611249,-29.24159376
TAS_50241,Freycinet,National Park,0.2253417,1916/08/28 14:00:00+00,TAS,148.339666,-42.34661901
TAS_50241,Freycinet,National Park,0.02575709,1916/08/28 14:00:00+00,TAS,148.3439487,-42.21800844
TAS_50251,South Bruny,National Park,0.09932149,1919/01/13 13:00:00+00,TAS,147.093985,-43.42838051
TAS_50254,Tasman,National Park,0.04483753,1917/07/17 14:00:00+00,TAS,147.8603004,-43.20921417
TAS_50252,Southwest,National Park,519.9764154,1951/10/23 13:00:00+00,TAS,146.3579889,-43.59700888
QLD_0978MES001,Melsonby (Gaarraay),National Park Aboriginal,8640.056611,2004/07/08 14:00:00+00,QLD,144.8564256,-15.20331992
QLD_4233RUE001,Rungulla,National Park,120772.8976,2015/11/26 13:00:00+00,QLD,143.4185352,-19.13578308
NSW_N1048,Burral Yurrul,CCA Zone 1 National Park,1029.39528,2005/11/30 13:00:00+00,NSW,150.8252893,-29.08663915
TAS_50252,Southwest,National Park,0.51588915,1951/10/23 13:00:00+00,TAS,146.4189561,-43.53869275
TAS_50254,Tasman,National Park,0.08946819,1917/07/17 14:00:00+00,TAS,147.9977943,-43.22502067
NT_PA92,Judbarra / Gregory,National Park,839526.5751,1990/08/13 14:00:00+00,NT,130.3542709,-16.37469497
QLD_0920MNP001,Maalan,National Park,2470.544077,2001/09/13 14:00:00+00,QLD,145.5564771,-17.56019499
NSW_N0035,Warrumbungle,National Park,23867.84901,1967/09/30 14:00:00+00,NSW,148.9701825,-31.24896844
WA_24229,Watheroo,National Park,2902.977253,1956/05/10 14:00:00+00,WA,115.8091405,-30.34343066
TAS_50251,South Bruny,National Park,0.16525089,1919/01/13 13:00:00+00,TAS,147.3802095,-43.381186
NSW_N0068,Yengo,National Park,168008.1106,1988/03/10 13:00:00+00,NSW,150.8644196,-33.01935942
NSW_N1056,Gunyerwarildi,CCA Zone 1 National Park,315.1202314,2005/11/30 13:00:00+00,NSW,150.5412263,-29.26582505
TAS_50252,Southwest,National Park,3.11604896,1951/10/23 13:00:00+00,TAS,146.602038,-43.5716923
NT_PA96,Watarrka,National Park,57862.09396,1989/07/30 14:00:00+00,NT,131.4478268,-24.26608658
QLD_0955GNP001,Geham,National Park,21.95227614,2000/11/09 13:00:00+00,QLD,152.0375463,-27.38834281
WA_08428,Leeuwin-Naturaliste,National Park,0.21276545,2000/11/30 13:00:00+00,WA,115.0187653,-33.537299
TAS_50251,South Bruny,National Park,0.1192303,1919/01/13 13:00:00+00,TAS,147.0979957,-43.43302082
NSW_N1069,Warialda,CCA Zone 1 National Park,1599.405115,2005/11/30 13:00:00+00,NSW,150.5942137,-29.71418044
TAS_50252,Southwest,National Park,0.09292869,1951/10/23 13:00:00+00,TAS,146.6398088,-43.58983146
NT_PA37,Iytwelepenty / Davenport Ranges,National Park,138.6618828,1993/09/02 14:00:00+00,NT,134.7904358,-20.59576501
TAS_50252,Southwest,National Park,1.26186249,1951/10/23 13:00:00+00,TAS,145.6085184,-43.01087242
NSW_N0089,Bongil Bongil,National Park,4288.230058,1995/03/14 13:00:00+00,NSW,153.0701148,-30.39773811
WA_47673,Forest Grove,National Park,1378.644377,2004/12/07 13:00:00+00,WA,115.132796,-34.09868084
QLD_0941DAS001,Dawes,National Park,8912.379035,2000/11/09 13:00:00+00,QLD,151.2643707,-24.53528537
TAS_50252,Southwest,National Park,3.070885,1951/10/23 13:00:00+00,TAS,145.9975579,-42.75290301
WA_2803,Murujuga,National Park,75.07182733,2013/01/14 13:00:00+00,WA,116.8198831,-20.59851908
TAS_50252,Southwest,National Park,190.0056581,1951/10/23 13:00:00+00,TAS,146.2766218,-43.64669319
QLD_0375SHI001,St Helena Island,National Park,71.23249961,1979/10/05 14:00:00+00,QLD,153.2332641,-27.38943843
TAS_50248,Narawntapu,National Park,0.02766789,1976/07/06 14:00:00+00,TAS,146.6139843,-41.15952135
QLD_1076PIY001,Piper Islands,National Park Aboriginal,6.83740504,1989/03/31 13:00:00+00,QLD,143.2267284,-12.2440512
NSW_N0096,Goobang,National Park,42437.72959,1995/12/21 13:00:00+00,NSW,148.4730391,-33.00015241
TAS_50252,Southwest,National Park,0.13130618,1951/10/23 13:00:00+00,TAS,145.9192788,-43.38188943
NSW_N0052,Marramarra,National Park,11667.54498,1979/12/27 13:00:00+00,NSW,151.1120704,-33.49400603
QLD_0908MMK001,Mount Mackay,National Park,3687.683269,2001/09/13 14:00:00+00,QLD,145.9744003,-17.94291393
QLD_0551CLT001,Claremont Isles,National Park,60.54295709,1989/06/30 14:00:00+00,QLD,143.7563121,-13.93623206
QLD_0305HLX001,Halifax Bay Wetlands,National Park,4944.589558,1975/08/29 14:00:00+00,QLD,146.2652949,-18.87394277
QLD_0106NSA001,Noosa,National Park,2894.814693,1930/01/31 13:00:00+00,QLD,153.0918116,-26.44052212
TAS_50251,South Bruny,National Park,0.1440031,1919/01/13 13:00:00+00,TAS,147.0928337,-43.42613567
NT_PA118,Mary River,National Park,2598.104662,1989/02/16 13:00:00+00,NT,131.6190458,-12.86979256
TAS_50254,Tasman,National Park,0.01565344,1917/07/17 14:00:00+00,TAS,147.979195,-43.12074278
TAS_50248,Narawntapu,National Park,6.6555401,1976/07/06 14:00:00+00,TAS,146.5661263,-41.17493448
NSW_N1059,Kwiambal,CCA Zone 1 National Park,781.6956358,2005/11/30 13:00:00+00,NSW,150.9977243,-29.36239959
TAS_50241,Freycinet,National Park,0.05392416,1916/08/28 14:00:00+00,TAS,148.3148075,-42.36213575
QLD_0336JIM001,Baga,National Park,145.9341276,1977/10/21 13:00:00+00,QLD,150.6291758,-23.21491883
TAS_50239,Douglas-Apsley,National Park,15831.91561,1989/12/26 13:00:00+00,TAS,148.1921657,-41.75785492
NT_PA131,Limmen,National Park,229874.3889,2012/06/25 14:00:00+00,NT,135.1007685,-15.07656956
TAS_50252,Southwest,National Park,0.03955444,1951/10/23 13:00:00+00,TAS,145.9535936,-43.42395687
TAS_50241,Freycinet,National Park,0.01543502,1916/08/28 14:00:00+00,TAS,148.2957492,-42.28375278
WA_47883,Wandoo,National Park,46367.92339,2004/11/29 13:00:00+00,WA,116.5569844,-32.10038311
QLD_0192CLM001,Clump Mountain,National Park,326.0299017,1978/03/10 13:00:00+00,QLD,146.0922851,-17.84297583
TAS_50248,Narawntapu,National Park,1.6215004,1976/07/06 14:00:00+00,TAS,146.5544237,-41.15032538
NSW_N0056,Boonoo Boonoo,National Park,4803.418073,1982/03/18 13:00:00+00,NSW,152.1584925,-28.85059605
NSW_N1055,Goonoo,CCA Zone 1 National Park,9024.312451,2005/11/30 13:00:00+00,NSW,148.735767,-32.04613724
VIC_3309,Wyperfeld,National Park,359855.196,1909/10/19 13:00:00+00,VIC,141.8016326,-35.60112936
NSW_N0017,Kinchega,National Park,44474.54013,1967/09/30 14:00:00+00,NSW,142.3014551,-32.50779853
TAS_50251,South Bruny,National Park,0.1895293,1919/01/13 13:00:00+00,TAS,147.2876359,-43.53475935
QLD_0630CHT001,Chesterton Range,National Park,31005.0687,1992/04/16 14:00:00+00,QLD,147.3560654,-26.19224004
QLD_0166ELA001,Ella Bay,National Park,4355.174495,1952/04/18 14:00:00+00,QLD,146.0382074,-17.43177036
NSW_N0099,Culgoa,National Park,41235.66862,1996/04/03 13:00:00+00,NSW,146.9471797,-29.06850326
WA_29802,Tathra,National Park,2929.938858,1969/05/22 14:00:00+00,WA,115.5275349,-29.77576044
NT_PA116,Djukbinj,National Park,10750.29011,1970/04/22 14:00:00+00,NT,131.2752725,-12.13962497
WA_47662,Greater Kingston,National Park,21113.55174,2004/12/07 13:00:00+00,WA,116.3846386,-34.05102274
NSW_N0018,Kosciuszko,National Park,688944.6447,1967/09/30 14:00:00+00,NSW,148.376016,-36.01464148
TAS_50251,South Bruny,National Park,0.59453142,1919/01/13 13:00:00+00,TAS,147.1300844,-43.49886722
NT_PA92,Judbarra / Gregory,National Park,885.5580327,1990/08/13 14:00:00+00,NT,130.3692513,-15.58975744
TAS_50244,Maria Island,National Park,0.04958577,1971/06/01 14:00:00+00,TAS,148.0800371,-42.72457121
NT_PA92,Judbarra / Gregory,National Park,5.74266784,1990/08/13 14:00:00+00,NT,130.4310283,-15.62143803
QLD_0679GDL001,Goodedulla,National Park,25763.87789,1994/02/24 13:00:00+00,QLD,149.7392815,-23.24849587
TAS_50252,Southwest,National Park,15.56159071,1951/10/23 13:00:00+00,TAS,146.2763497,-43.63218621
TAS_50241,Freycinet,National Park,12.2677608,1916/08/28 14:00:00+00,TAS,148.3139339,-42.35990216
NT_PA131,Limmen,National Park,113434.1051,2012/06/25 14:00:00+00,NT,135.2719916,-14.93720622
SA_0524,Gawler Ranges,National Park,179478.9438,2002/01/14 13:00:00+00,SA,135.4458649,-32.55408534
QLD_0220HUL001,Hull River,National Park,3653.455888,1968/11/22 13:00:00+00,QLD,146.0541188,-17.98185318
TAS_50244,Maria Island,National Park,0.0542014,1971/06/01 14:00:00+00,TAS,148.08437,-42.72434938
QLD_0957GME001,Gympie,National Park,1769.171134,2001/05/03 14:00:00+00,QLD,152.7094917,-26.05496093
TAS_50252,Southwest,National Park,4.40096746,1951/10/23 13:00:00+00,TAS,146.1183241,-43.5290256
QLD_0791BKB001,Blackbraes,National Park,51286.85186,1998/09/03 14:00:00+00,QLD,144.056598,-19.48437503
TAS_50252,Southwest,National Park,8.870749,1951/10/23 13:00:00+00,TAS,146.3720892,-43.73861825
NT_PA131,Limmen,National Park,2714.856163,2012/06/25 14:00:00+00,NT,135.2513955,-14.75703425
TAS_50252,Southwest,National Park,0.65762915,1951/10/23 13:00:00+00,TAS,145.921088,-43.3821205
WA_07537,John Forrest,National Park,2699.93377,1900/11/29 13:00:00+00,WA,116.0863448,-31.86968271
NSW_N0101,Scheyville,National Park,931.6075541,1996/04/03 13:00:00+00,NSW,150.8960294,-33.59665658
TAS_50252,Southwest,National Park,0.25598332,1951/10/23 13:00:00+00,TAS,146.2647249,-43.6619024
TAS_50254,Tasman,National Park,0.03978993,1917/07/17 14:00:00+00,TAS,147.973715,-42.8841682
QLD_0259GWY001,Goneaway,National Park,26082.40166,1974/05/15 14:00:00+00,QLD,142.2332497,-23.76814544
TAS_50251,South Bruny,National Park,0.17700793,1919/01/13 13:00:00+00,TAS,147.2636277,-43.4917145
TAS_50252,Southwest,National Park,0.41954828,1951/10/23 13:00:00+00,TAS,146.2652743,-43.66030445
NSW_N0178,Cataract,National Park,4376.533577,2002/12/31 13:00:00+00,NSW,152.3313098,-28.73045573
QLD_0686TRU001,Triunia,National Park,33.97639816,1994/06/02 14:00:00+00,QLD,152.9027887,-26.65267989
TAS_50241,Freycinet,National Park,0.032405,1916/08/28 14:00:00+00,TAS,148.3528575,-42.11748729
NSW_N1060,Moema,CCA Zone 1 National Park,2021.052915,2005/11/30 13:00:00+00,NSW,149.950176,-30.04254264
TAS_50251,South Bruny,National Park,0.23129872,1919/01/13 13:00:00+00,TAS,147.2453139,-43.48403845
NT_PA131,Limmen,National Park,64779.6159,2012/06/25 14:00:00+00,NT,135.5983847,-16.38388955
TAS_50254,Tasman,National Park,0.28523139,1917/07/17 14:00:00+00,TAS,147.9880554,-42.97272116
NSW_N1050,Crawney Pass,CCA Zone 1 National Park,310.5959957,2005/11/30 13:00:00+00,NSW,151.0476028,-31.58660264
TAS_50251,South Bruny,National Park,0.19940673,1919/01/13 13:00:00+00,TAS,147.3664109,-43.39225705
NT_PA92,Judbarra / Gregory,National Park,294828.0289,1995/02/13 13:00:00+00,NT,130.2447787,-16.98544788
VIC_3349,Terrick Terrick,National Park,6388.287599,1988/06/20 14:00:00+00,VIC,144.2490559,-36.14043092
NT_PA92,Judbarra / Gregory,National Park,61270.4078,1990/08/13 14:00:00+00,NT,131.2072931,-15.48259354
NT_PA92,Judbarra / Gregory,National Park,0.99869044,1990/08/13 14:00:00+00,NT,131.2999705,-15.47304413
QLD_1091BVI001,Batavia,National Park Aboriginal,56014.39016,2012/11/22 13:00:00+00,QLD,142.6846354,-12.33880462
NT_PA97,Tjoritja / West MacDonnell,National Park,1650.451168,1992/09/29 14:00:00+00,NT,133.8302996,-23.64766312
TAS_50252,Southwest,National Park,0.02141743,1951/10/23 13:00:00+00,TAS,145.8113518,-43.30714412
TAS_50251,South Bruny,National Park,0.11070203,1919/01/13 13:00:00+00,TAS,147.2975926,-43.52793275
QLD_0916KNT001,Kirrama,National Park,17463.23481,1965/04/23 14:00:00+00,QLD,145.7207185,-18.16543585
QLD_0152WSH001,Mount Walsh,National Park,14179.774,1990/08/17 14:00:00+00,QLD,152.0259909,-25.63861575
TAS_50252,Southwest,National Park,0.37139942,1951/10/23 13:00:00+00,TAS,145.7404132,-43.14623301
TAS_50252,Southwest,National Park,0.18962961,1951/10/23 13:00:00+00,TAS,146.2091822,-43.53785464
TAS_50252,Southwest,National Park,0.23830427,1951/10/23 13:00:00+00,TAS,146.2761727,-43.63632569
NSW_N1065,Pilliga West,CCA Zone 1 National Park,7955.408895,2005/11/30 13:00:00+00,NSW,148.7511291,-30.45266736
TAS_50248,Narawntapu,National Park,0.01699351,1976/07/06 14:00:00+00,TAS,146.5714013,-41.17322651
TAS_50252,Southwest,National Park,0.61138569,1951/10/23 13:00:00+00,TAS,146.3402284,-43.58797333
TAS_50241,Freycinet,National Park,0.10745666,1916/08/28 14:00:00+00,TAS,148.3508273,-42.20808277
WA_42471,Francois Peron,National Park,53145.11158,1993/01/07 13:00:00+00,WA,113.5532394,-25.76101053
NSW_N0165,Gulaga,National Park,4959.358873,2000/12/31 13:00:00+00,NSW,150.0302246,-36.3127133
SA_1281_1,Munga-Thirri—Simpson Desert,National Park,689578.9862,2021/11/24 13:00:00+00,SA,137.8762504,-26.24798579
TAS_50252,Southwest,National Park,0.36489686,1951/10/23 13:00:00+00,TAS,146.4203169,-43.53906594
QLD_0658MRY001,Moorrinya,National Park,32593.92472,1993/03/18 13:00:00+00,QLD,144.9563396,-21.39981443
QLD_0076WEH001,West Hill,National Park,1065.926945,1938/06/17 14:00:00+00,QLD,149.4608918,-21.85232464
QLD_0035BBQ001,Boodjamulla,National Park Aboriginal,79687.49646,1992/07/02 14:00:00+00,QLD,138.6052464,-19.14582093
TAS_50248,Narawntapu,National Park,0.59445538,1976/07/06 14:00:00+00,TAS,146.5692445,-41.17724145
NT_PA37,Iytwelepenty / Davenport Ranges,National Park,96794.05042,1993/09/02 14:00:00+00,NT,135.1633419,-20.76744938
WA_36004,Peak Charles,National Park,39953.10904,1979/04/26 14:00:00+00,WA,121.1082778,-32.90861231
QLD_0153FTE001,Ferntree Creek,National Park,71.70046379,1947/08/15 14:00:00+00,QLD,152.9654457,-26.60954227
TAS_50254,Tasman,National Park,0.13896687,1917/07/17 14:00:00+00,TAS,148.004028,-43.14529486
VIC_3293,Churchill,National Park,271.9260973,1941/02/11 13:00:00+00,VIC,145.2622307,-37.95082012
NSW_N1053,Dthinna Dthinnawan,CCA Zone 1 National Park,27695.31574,2005/11/30 13:00:00+00,NSW,150.8566201,-28.8168512
TAS_50252,Southwest,National Park,0.1977586,1951/10/23 13:00:00+00,TAS,145.9199976,-43.38151006
QLD_0995SPU001,Mount Spurgeon,National Park,1217.293252,2001/09/13 14:00:00+00,QLD,145.2049821,-16.43549066
VIC_3307,Port Campbell,National Park,2424.301349,1964/12/08 13:00:00+00,VIC,143.0748294,-38.64663301
QLD_0017DAB001,Daintree,National Park Aboriginal,116221.2026,2021/09/30 14:00:00+00,QLD,145.2478864,-16.36686768
TAS_50254,Tasman,National Park,0.11934922,1917/07/17 14:00:00+00,TAS,147.9963671,-42.95456454
TAS_50254,Tasman,National Park,0.35616415,1917/07/17 14:00:00+00,TAS,147.9761825,-42.85654512
NSW_N0154,Yabbra,National Park,8980.334362,1998/12/31 13:00:00+00,NSW,152.5074608,-28.62208131
NSW_N1188,Malabar Headland,National Park,75.88626324,2012/12/06 13:00:00+00,NSW,151.2614703,-33.96471152
TAS_50244,Maria Island,National Park,0.14129458,1971/06/01 14:00:00+00,TAS,148.1374335,-42.62242983
QLD_0340JDR001,Jardine River,National Park,117.5666884,1977/11/04 13:00:00+00,QLD,142.6310977,-10.92091318
TAS_50252,Southwest,National Park,0.71739057,1951/10/23 13:00:00+00,TAS,145.6280226,-43.01968898
TAS_50254,Tasman,National Park,0.09354834,1917/07/17 14:00:00+00,TAS,148.00719,-43.23280096
WA_47882,Helena,National Park,12268.66737,2004/11/29 13:00:00+00,WA,116.3207789,-32.15502292
TAS_50248,Narawntapu,National Park,0.52267777,1976/07/06 14:00:00+00,TAS,146.5550414,-41.1533763
NT_PA116,Djukbinj,National Park,11186.02749,1978/01/10 13:00:00+00,NT,131.4698917,-12.6501175
WA_32590,Stokes,National Park,10027.12848,1974/06/20 14:00:00+00,WA,121.0747528,-33.83416841
TAS_50248,Narawntapu,National Park,3.76256558,1976/07/06 14:00:00+00,TAS,146.5463052,-41.1244959
TAS_50252,Southwest,National Park,0.05370544,1951/10/23 13:00:00+00,TAS,147.0247681,-43.84791405
QLD_1012RTN001,Wrattens,National Park,24832.3229,2001/05/03 14:00:00+00,QLD,152.3694765,-26.30209779
NSW_N0025,Murramarang,National Park,12349.50944,1973/05/03 14:00:00+00,NSW,150.2977811,-35.58278186
TAS_50252,Southwest,National Park,0.72634565,1951/10/23 13:00:00+00,TAS,145.9299833,-43.38917937
TAS_50252,Southwest,National Park,0.18368645,1951/10/23 13:00:00+00,TAS,145.9201753,-43.38210933
NSW_N0111,South East Forest,National Park,111345.0092,1996/12/31 13:00:00+00,NSW,149.4825569,-37.00846175
QLD_0184CAS001,Castle Tower,National Park,9306.545951,1975/03/31 13:00:00+00,QLD,151.3229703,-24.18010702
TAS_50252,Southwest,National Park,0.17346324,1951/10/23 13:00:00+00,TAS,146.4936505,-43.53621303
TAS_50251,South Bruny,National Park,0.08131029,1919/01/13 13:00:00+00,TAS,147.2957006,-43.51349423
TAS_50241,Freycinet,National Park,0.0623903,1916/08/28 14:00:00+00,TAS,148.29501,-42.28337831
NT_PA59,Finke Gorge,National Park,17.03762254,1966/10/27 13:00:00+00,NT,132.742526,-24.05942059
TAS_50251,South Bruny,National Park,0.53673353,1919/01/13 13:00:00+00,TAS,147.2451293,-43.48525251
QLD_0224CUS001,Cape Upstart,National Park,8575.964081,1969/06/20 14:00:00+00,QLD,147.8039994,-19.74942892
TAS_50254,Tasman,National Park,0.97536412,1917/07/17 14:00:00+00,TAS,147.9785528,-42.88251672
WA_29457,Wolfe Creek Meteorite Crater,National Park,1454.596637,1968/11/14 13:00:00+00,WA,127.7956299,-19.17228425
TAS_50245,Mole Creek Karst,National Park,67.05434797,1939/08/15 14:00:00+00,TAS,146.3897291,-41.62064391
TAS_50254,Tasman,National Park,0.14959753,1917/07/17 14:00:00+00,TAS,147.9688675,-43.09586136
TAS_50251,South Bruny,National Park,0.49531763,1919/01/13 13:00:00+00,TAS,147.2919365,-43.51172798
QLD_0501GBW001,Great Basalt Wall,National Park,35130.99619,1987/03/20 13:00:00+00,QLD,145.2410127,-20.00896803
VIC_3300,Lower Glenelg,National Park,26451.1452,1969/12/15 13:00:00+00,VIC,141.1120667,-38.02877825
NSW_N0127,Maria,National Park,2418.653047,1998/12/31 13:00:00+00,NSW,152.877624,-31.15211837
QLD_0979REK001,Raine Island,National Park (Scientific),35.94564686,1985/05/17 14:00:00+00,QLD,144.0347328,-11.59049343
NSW_N0050,Border Ranges,National Park,31862.68124,1979/06/07 14:00:00+00,NSW,153.067657,-28.40747841
SA_0014,Coorong,National Park,48694.84247,1966/08/03 14:00:00+00,SA,139.5084667,-35.99345962
TAS_50244,Maria Island,National Park,0.1399784,1971/06/01 14:00:00+00,TAS,148.0927695,-42.71838892
TAS_50252,Southwest,National Park,0.77149785,1951/10/23 13:00:00+00,TAS,146.3197683,-43.53534237
TAS_50252,Southwest,National Park,0.17742836,1951/10/23 13:00:00+00,TAS,146.6401931,-43.58923434
TAS_50244,Maria Island,National Park,0.00379521,1971/06/01 14:00:00+00,TAS,148.0091766,-42.74733377
NT_PA97,Tjoritja / West MacDonnell,National Park,60.01282412,1992/09/29 14:00:00+00,NT,133.8709793,-23.63411596
QLD_1060LML001,Little Mulgrave,National Park,10972.28995,2001/09/13 14:00:00+00,QLD,145.7030839,-17.10358549
TAS_50244,Maria Island,National Park,0.10784796,1971/06/01 14:00:00+00,TAS,148.1111385,-42.6602255
TAS_50254,Tasman,National Park,0.43521176,1917/07/17 14:00:00+00,TAS,147.7939879,-43.23892352
TAS_50253,Strzelecki,National Park,3.82687174,1967/03/14 13:00:00+00,TAS,148.0445059,-40.23051053
TAS_50252,Southwest,National Park,0.12873396,1951/10/23 13:00:00+00,TAS,146.371573,-43.74088871
NSW_N1104,Hunter Wetlands,National Park,5011.132758,2007/06/30 14:00:00+00,NSW,151.7767761,-32.84895306
TAS_50252,Southwest,National Park,0.16531568,1951/10/23 13:00:00+00,TAS,145.9310484,-43.4096831
NSW_N0080,Georges River,National Park,533.9477856,1992/04/23 14:00:00+00,NSW,151.0133678,-33.98913645
TAS_50252,Southwest,National Park,0.37327977,1951/10/23 13:00:00+00,TAS,146.0308946,-43.57212832
TAS_50248,Narawntapu,National Park,0.16635297,1976/07/06 14:00:00+00,TAS,146.5702039,-41.17579286
VIC_3296,Hattah - Kulkyne,National Park,49982.58982,1960/06/06 14:00:00+00,VIC,142.3666017,-34.6746846
QLD_0341STK001,Juunju Daarrba Nhirrpan,National Park Aboriginal,8041.737014,1977/11/04 13:00:00+00,QLD,145.0619105,-14.94224317
WA_47672,Yelverton,National Park,728.0680707,2004/12/07 13:00:00+00,WA,115.0900365,-33.73425023
QLD_1062YUW001,Yuwi Paree Toolkoon,National Park,35.72875237,1998/09/24 14:00:00+00,QLD,149.2658222,-21.1733117
WA_47887,Whicher,National Park,6353.988947,2004/12/07 13:00:00+00,WA,115.4815336,-33.7841402
NSW_N0086,Popran,National Park,4031.90494,1994/11/29 13:00:00+00,NSW,151.1867655,-33.3770633
QLD_4240KUG001,Bromley (Kungkaychi),National Park Aboriginal,10680.74169,2004/07/08 14:00:00+00,QLD,142.9279685,-12.53575265
WA_02065,Walyunga,National Park,2802.055975,1893/06/07 14:00:00+00,WA,116.0649747,-31.72774729
TAS_50252,Southwest,National Park,0.47138485,1951/10/23 13:00:00+00,TAS,146.3239464,-43.53364723
TAS_50252,Southwest,National Park,0.6875124,1951/10/23 13:00:00+00,TAS,145.9667142,-43.42781456
TAS_50252,Southwest,National Park,1067.475426,1951/10/23 13:00:00+00,TAS,146.014888,-42.75953841
TAS_50244,Maria Island,National Park,11570.72759,1971/06/01 14:00:00+00,TAS,148.0992339,-42.64976997
TAS_50254,Tasman,National Park,0.10645851,1917/07/17 14:00:00+00,TAS,148.0064652,-43.1398937
QLD_0566FZI001,Fitzroy Island,National Park,308.0734328,1989/07/21 14:00:00+00,QLD,145.9939444,-16.93261046
SA_0225,Flinders Chase,National Park,35346.56995,1919/10/15 13:00:00+00,SA,136.7229314,-35.97559836
NSW_N0121,Cunnawarra,National Park,16220.65096,1998/12/31 13:00:00+00,NSW,152.1329923,-30.73597834
NT_PA118,Mary River,National Park,4543.27489,1986/03/27 13:00:00+00,NT,131.8088734,-12.25923447
WA_54397,Jilgu,National Park,101976.5787,2024/03/18 13:00:00+00,WA,117.5410287,-24.74352922
NT_PA59,Finke Gorge,National Park,1006.057116,1966/10/27 13:00:00+00,NT,132.8190702,-24.07547855
ACT_39,Namadgi,National Park,0.007805,2023/10/26 13:00:00+00,ACT,148.9555566,-35.75106076
QLD_0504POO001,Poona,National Park,5349.874485,1991/12/13 13:00:00+00,QLD,152.8208494,-25.58939219
VIC_3313,Snowy River,National Park,114728.7373,1979/04/25 14:00:00+00,VIC,148.4846941,-37.25265873
NSW_N1166,Hobden Hill,CCA Zone 1 National Park,826.0500204,2010/12/31 13:00:00+00,NSW,150.5357973,-30.54305695
TAS_50244,Maria Island,National Park,0.11488761,1971/06/01 14:00:00+00,TAS,148.1476956,-42.66274578
NSW_N0142,Mallanganee,National Park,1135.267264,1998/12/31 13:00:00+00,NSW,152.7653595,-28.92785471
TAS_50246,Mount Field,National Park,22530.66249,1916/08/28 14:00:00+00,TAS,146.5884264,-42.63713773
TAS_50251,South Bruny,National Park,0.18736734,1919/01/13 13:00:00+00,TAS,147.1327477,-43.49902853
TAS_50252,Southwest,National Park,0.20759011,1951/10/23 13:00:00+00,TAS,146.2675964,-43.65875712
TAS_50252,Southwest,National Park,1.25491905,1951/10/23 13:00:00+00,TAS,146.2573768,-43.62954172
QLD_1036MWP001,Mount Lewis,National Park,28824.81508,2001/09/13 14:00:00+00,QLD,145.2705267,-16.51540745
NT_PA68,Garig Gunak Barlu,National Park,496.0721229,1981/09/01 14:00:00+00,NT,132.1781391,-11.5902183
NSW_N0133,Watagans,National Park,7791.53902,1998/12/31 13:00:00+00,NSW,151.3772322,-33.00937046
NT_PA131,Limmen,National Park,127.0338956,2012/06/25 14:00:00+00,NT,135.5290336,-15.24496319
QLD_0029AAA001,Apudthama,National Park Aboriginal,319258.2719,1977/11/04 13:00:00+00,QLD,142.6329491,-11.37363354
TAS_50252,Southwest,National Park,0.26752871,1951/10/23 13:00:00+00,TAS,146.3797687,-43.53423338
TAS_50252,Southwest,National Park,0.19146013,1951/10/23 13:00:00+00,TAS,145.8065962,-43.30526964
WA_2803,Murujuga,National Park,1201.68099,2013/01/14 13:00:00+00,WA,116.7721561,-20.65284158
QLD_0570PRE001,Precipice,National Park,10503.92285,1989/11/24 13:00:00+00,QLD,150.1006432,-25.30705738
NT_PA59,Finke Gorge,National Park,3224.804493,1966/10/27 13:00:00+00,NT,132.8709335,-24.08647839
QLD_0161PAS001,The Palms,National Park,71.92813835,1950/10/27 13:00:00+00,QLD,151.8878723,-26.92586763
WA_27164,Prince Regent,National Park,584817.3538,1964/04/09 14:00:00+00,WA,125.2562809,-15.54314816
TAS_50241,Freycinet,National Park,0.0161282,1916/08/28 14:00:00+00,TAS,148.3126086,-42.16094153
WA_47663,Greater Dordagup,National Park,6410.215716,2004/12/07 13:00:00+00,WA,116.2661826,-34.51701586
TAS_50254,Tasman,National Park,0.07174866,1917/07/17 14:00:00+00,TAS,147.894696,-43.18954924
TAS_50252,Southwest,National Park,0.15930552,1951/10/23 13:00:00+00,TAS,146.2764572,-43.63552783
ACT_39,Namadgi,National Park,19.27626771,2013/03/17 13:00:00+00,ACT,149.021513,-35.57061953
QLD_1046MCY001,Marpa,National Park Aboriginal,35.37345012,1989/03/31 13:00:00+00,QLD,143.7755477,-14.21758167
WA_31809,Badgingarra,National Park,13105.24363,1973/02/15 13:00:00+00,WA,115.4116143,-30.43943612
VIC_3305,Mount Richmond,National Park,1737.792578,1960/06/06 14:00:00+00,VIC,141.4182172,-38.27265225
NSW_N0026,Myall Lakes,National Park,48042.65921,1972/04/27 14:00:00+00,NSW,152.3011582,-32.50905653
QLD_1074MPU001,Ma'alpiku Island,National Park Aboriginal,26.28145664,1989/05/26 14:00:00+00,QLD,143.4476269,-12.6158723
QLD_0960MNL001,Maleny,National Park,1881.771787,2000/11/09 13:00:00+00,QLD,152.7163642,-26.66277783
TAS_50254,Tasman,National Park,123.1023493,1917/07/17 14:00:00+00,TAS,148.0029861,-43.23815341
QLD_1000LKY001,Lockyer,National Park,11765.41435,2000/11/09 13:00:00+00,QLD,152.2580133,-27.46795963
NSW_N1171,Watsons Creek,CCA Zone 1 National Park,333.4003656,2010/12/31 13:00:00+00,NSW,151.0884814,-30.70902385
QLD_0319SUN001,Sundown,National Park,12632.54717,1981/12/11 13:00:00+00,QLD,151.7197255,-28.85295355
NSW_N0173,Arakwal,National Park,199.1856042,2001/10/25 13:00:00+00,NSW,153.6221539,-28.66245067
TAS_50252,Southwest,National Park,0.15467399,1951/10/23 13:00:00+00,TAS,145.9285868,-43.41824037
TAS_50252,Southwest,National Park,1.43708852,1951/10/23 13:00:00+00,TAS,146.3827614,-43.63910699
NSW_N0172,Benambra,National Park,1400.149989,2000/12/31 13:00:00+00,NSW,147.0988435,-35.77369926
QLD_0286EDV001,Endeavour River,National Park,2130.983517,1975/04/25 14:00:00+00,QLD,145.2182121,-15.43606984
SA_0226,Coffin Bay,National Park,30886.17168,1982/12/01 13:00:00+00,SA,135.320167,-34.58030047
QLD_0604NUG001,Nuga Nuga,National Park,2982.235202,1991/04/12 14:00:00+00,QLD,148.6869937,-24.96286798
WA_54418,Muggon,National Park,191689.0518,2024/06/04 14:00:00+00,WA,115.651744,-26.76942443
NT_PA131,Limmen,National Park,35481.61375,2012/06/25 14:00:00+00,NT,135.5780105,-16.14530231
QLD_0454BLB001,Bladensburg,National Park,84253.23395,1984/08/10 14:00:00+00,QLD,143.0659233,-22.64229539
QLD_0936BGP001,Bingera,National Park,5440.38091,2001/05/03 14:00:00+00,QLD,152.3156261,-25.02778484
NSW_N1200,Guula Ngurra,National Park,3401.099799,2020/08/22 14:00:00+00,NSW,150.1266934,-34.39869806
TAS_50252,Southwest,National Park,377.5390687,1951/10/23 13:00:00+00,TAS,146.2025777,-42.8503862
SA_0004,Lake Gairdner,National Park,556894.2488,1991/12/18 13:00:00+00,SA,135.8548991,-31.49769915
TAS_50252,Southwest,National Park,0.64600013,1951/10/23 13:00:00+00,TAS,145.9697882,-43.42314653
QLD_0757TRG001,Tregole,National Park,7576.25637,1995/02/23 13:00:00+00,QLD,147.0686358,-26.48336489
QLD_0712HMV001,Homevale,National Park,51557.64075,1995/05/18 14:00:00+00,QLD,148.651725,-21.39726345
QLD_0921MNK001,Mount Windsor,National Park,48941.14586,2001/09/13 14:00:00+00,QLD,145.0042595,-16.24835998
ACT_39,Namadgi,National Park,11.05132958,2013/03/17 13:00:00+00,ACT,148.9935098,-35.66810734
QLD_0663DMT001,Diamantina,National Park,511216.1722,1993/07/01 14:00:00+00,QLD,141.4229787,-23.79944363
QLD_1057KON001,Koombooloomba,National Park,29224.75868,2001/09/13 14:00:00+00,QLD,145.6028482,-17.96803032
TAS_50241,Freycinet,National Park,0.02974514,1916/08/28 14:00:00+00,TAS,148.3210064,-42.26471629
WA_24229,Watheroo,National Park,39944.61523,1956/07/05 14:00:00+00,WA,115.8389236,-30.21239111
NSW_N0051,Wollemi,National Park,505561.8475,1979/12/13 13:00:00+00,NSW,150.5467065,-32.97501847
QLD_0624CUR001,Curtis Island,National Park,10330.75283,1992/03/05 13:00:00+00,QLD,151.2169436,-23.59390373
NT_PA116,Djukbinj,National Park,1.28186181,1978/01/10 13:00:00+00,NT,131.5126492,-12.76735222
WA_42032,Lesueur,National Park,27230.8359,1992/01/23 13:00:00+00,WA,115.1928789,-30.13233583
ACT_39,Namadgi,National Park,313.8771389,2013/03/17 13:00:00+00,ACT,148.9840733,-35.62763761
NSW_N0076,Garigal,National Park,2263.36624,1991/04/18 14:00:00+00,NSW,151.192426,-33.72341277
QLD_0911CFI001,Curtain Fig,National Park,203.4438092,2001/09/13 14:00:00+00,QLD,145.5699836,-17.28024116
NT_PA97,Tjoritja / West MacDonnell,National Park,13508.47888,1992/09/29 14:00:00+00,NT,132.4154724,-23.44510269
NSW_N0125,Ghin-Doo-Ee,National Park,4795.968911,1998/12/31 13:00:00+00,NSW,152.1100728,-32.228624
TAS_50252,Southwest,National Park,208.1627666,1951/10/23 13:00:00+00,TAS,146.3797344,-42.8244258
NT_PA90,Elsey,National Park,17.14256097,1995/07/19 14:00:00+00,NT,133.1225826,-14.93188706
TAS_50244,Maria Island,National Park,0.01408042,1971/06/01 14:00:00+00,TAS,148.1372084,-42.61480829
QLD_0113TIG001,Three Islands Group,National Park,77.40761209,2000/03/23 13:00:00+00,QLD,145.4259475,-15.11544501
TAS_50251,South Bruny,National Park,0.03892875,1919/01/13 13:00:00+00,TAS,147.1453355,-43.49719913
SA_0249,Murray River,National Park,15046.36074,1970/03/04 13:00:00+00,SA,140.5411373,-34.38538557
NT_PA68,Garig Gunak Barlu,National Park,219159.5317,1961/12/18 13:00:00+00,NT,132.3920888,-11.35261819
TAS_50252,Southwest,National Park,0.41013958,1951/10/23 13:00:00+00,TAS,146.2469743,-43.6614354
NSW_N0176,Oolambeyan,National Park,22199.89019,2002/10/24 13:00:00+00,NSW,145.2725338,-34.76575181
NSW_N1097,Curracabundi,National Park,15675.60903,2006/06/01 14:00:00+00,NSW,151.6187849,-31.65275157
QLD_0246MPF001,Mapleton Falls,National Park,25.86393982,1973/02/16 13:00:00+00,QLD,152.8400919,-26.62905992
QLD_0689MOS001,Mount Ossa,National Park,867.2632646,1994/08/04 14:00:00+00,QLD,148.8227241,-20.97458887
QLD_0958HPN001,Hampton,National Park,3.8836784,2006/06/01 14:00:00+00,QLD,152.0736742,-27.35251512
TAS_50252,Southwest,National Park,0.32374898,1951/10/23 13:00:00+00,TAS,146.1532838,-43.53511519
QLD_4238WUT001,Wuthathi (Shelburne Bay),National Park Aboriginal,37270.74071,2016/12/15 13:00:00+00,QLD,143.00704,-11.9843703
TAS_50252,Southwest,National Park,3.46035858,1951/10/23 13:00:00+00,TAS,146.9734325,-43.85950371
TAS_50252,Southwest,National Park,0.09188355,1951/10/23 13:00:00+00,TAS,145.9362687,-43.42113106
TAS_50244,Maria Island,National Park,0.0523221,1971/06/01 14:00:00+00,TAS,148.1486866,-42.66332029
QLD_0294MUC001,Michaelmas and Upolu Cays,National Park,2.08494045,1975/06/20 14:00:00+00,QLD,145.9736422,-16.60659126
NSW_N0128,Middle Brother,National Park,1828.482165,1998/12/31 13:00:00+00,NSW,152.7154431,-31.68882034
QLD_0634BLG001,Bulleringa,National Park,53784.4454,1992/05/21 14:00:00+00,QLD,143.7807274,-17.55517385
NSW_N1049,Couradda,CCA Zone 1 National Park,359.7746954,2005/11/30 13:00:00+00,NSW,149.927778,-30.08781008
TAS_50254,Tasman,National Park,0.01790613,1917/07/17 14:00:00+00,TAS,148.0048775,-43.23191441
VIC_4885,Lower Goulburn,National Park,9321.013613,2010/06/26 14:00:00+00,VIC,145.3123162,-36.25204462
QLD_0249CMV001,Cape Melville,National Park Aboriginal,169986.8508,1973/10/24 13:00:00+00,QLD,144.4640769,-14.40001974
QLD_0320BSH001,Eurimbula,National Park,29534.25559,1977/10/02 13:00:00+00,QLD,151.725101,-24.19053223
TAS_50251,South Bruny,National Park,111.0839722,1919/01/13 13:00:00+00,TAS,147.0999913,-43.40184832
TAS_50245,Mole Creek Karst,National Park,4067.110135,1939/08/15 14:00:00+00,TAS,146.2642212,-41.57864272
WA_08428,Leeuwin-Naturaliste,National Park,21490.72273,2000/12/03 13:00:00+00,WA,115.0475368,-34.17416846
NT_PA97,Tjoritja / West MacDonnell,National Park,1750.692121,1968/05/29 14:00:00+00,NT,133.0753326,-23.77717972
WA_47668,Hilliger,National Park,16986.40122,2004/11/29 13:00:00+00,WA,115.695839,-34.23144564
TAS_50252,Southwest,National Park,0.07453825,1951/10/23 13:00:00+00,TAS,146.3751453,-43.64205861
TAS_50252,Southwest,National Park,0.30402914,1951/10/23 13:00:00+00,TAS,146.3483662,-43.5173702
TAS_50254,Tasman,National Park,0.36308706,1917/07/17 14:00:00+00,TAS,147.954013,-43.00115424
ACT_39,Namadgi,National Park,119.3211893,2013/03/17 13:00:00+00,ACT,149.0626678,-35.55338588
NT_PA90,Elsey,National Park,13784.84936,1990/09/30 14:00:00+00,NT,133.1926372,-14.95881547
TAS_50252,Southwest,National Park,0.07115487,1951/10/23 13:00:00+00,TAS,146.2843429,-43.62454501
QLD_0114HPI001,Hope Islands,National Park Aboriginal,61.71633723,2021/09/30 14:00:00+00,QLD,145.4984571,-16.29845314
TAS_50251,South Bruny,National Park,0.16073195,1919/01/13 13:00:00+00,TAS,147.244319,-43.48603284
TAS_50254,Tasman,National Park,0.23318999,1917/07/17 14:00:00+00,TAS,147.8987377,-43.19095433
TAS_50252,Southwest,National Park,0.04771365,1951/10/23 13:00:00+00,TAS,145.8118734,-43.30779031
QLD_0044COY001,Conway,National Park,32666.49983,1936/10/09 13:00:00+00,QLD,148.7911137,-20.38438903
NT_PA116,Djukbinj,National Park,177.6033137,1975/10/14 13:00:00+00,NT,131.2539941,-12.13750044
QLD_1006ALN001,Albinia,National Park,7363.480804,2008/12/04 13:00:00+00,QLD,148.4922722,-24.47475805
NSW_N0060,Goulburn River,National Park,74517.80671,1983/02/10 13:00:00+00,NSW,150.1856635,-32.31921691
TAS_50241,Freycinet,National Park,0.03329547,1916/08/28 14:00:00+00,TAS,148.3187968,-42.17095779
TAS_50252,Southwest,National Park,0.35705426,1951/10/23 13:00:00+00,TAS,145.9336526,-43.41904031
QLD_0967DAT001,Dan Dan,National Park,1645.681022,2001/05/03 14:00:00+00,QLD,151.0628241,-24.16223326
TAS_50248,Narawntapu,National Park,0.10313216,1976/07/06 14:00:00+00,TAS,146.5694809,-41.17507144
NT_PA97,Tjoritja / West MacDonnell,National Park,310.7078574,1993/02/24 13:00:00+00,NT,132.508606,-23.59386294
TAS_50254,Tasman,National Park,0.16690871,1917/07/17 14:00:00+00,TAS,148.0056496,-42.95933319
WA_53978,Mungada Ridge,National Park,1031.178022,2022/01/16 13:00:00+00,WA,116.9097716,-29.14344162
NSW_N0167,Kooraban,National Park,11460.43041,2000/12/31 13:00:00+00,NSW,149.9106331,-36.3136666
QLD_0977MBG001,Mount Binga,National Park,1070.310396,2001/05/03 14:00:00+00,QLD,151.9483105,-27.03647435
NSW_N1058,Horton Falls,CCA Zone 1 National Park,299.6796163,2005/11/30 13:00:00+00,NSW,150.3377728,-30.33322535
WA_37883,Mirima,National Park,2066.329024,1982/08/12 14:00:00+00,WA,128.772054,-15.77449611
TAS_50252,Southwest,National Park,0.02983401,1951/10/23 13:00:00+00,TAS,146.2785171,-43.63037161
NSW_N1168,Sappa Bulga,CCA Zone 1 National Park,120.5316463,2010/12/31 13:00:00+00,NSW,148.516156,-32.30857875
QLD_0020HIN001,Hinchinbrook Island,National Park,39769.43899,1989/02/11 13:00:00+00,QLD,146.2138917,-18.37092204
NSW_N0108,Dooragan,National Park,1096.154584,1996/12/31 13:00:00+00,NSW,152.7749931,-31.66351189
TAS_50252,Southwest,National Park,0.18942851,1951/10/23 13:00:00+00,TAS,145.6733243,-43.10834345
WA_29800,Alexander Morrison,National Park,3026.552954,1969/05/22 14:00:00+00,WA,115.4876256,-30.08467575
NT_PA68,Garig Gunak Barlu,National Park,20.97757682,1981/09/01 14:00:00+00,NT,131.8617461,-11.15728709
QLD_0119CHM001,Chillagoe-Mungana Caves,National Park,3482.878608,1940/03/01 13:00:00+00,QLD,144.5079935,-17.20132241
NT_PA118,Mary River,National Park,127.810868,1984/03/29 13:00:00+00,NT,131.8165445,-12.70711649
TAS_50241,Freycinet,National Park,0.2270197,1916/08/28 14:00:00+00,TAS,148.3134856,-42.36392526
TAS_50251,South Bruny,National Park,0.21704101,1919/01/13 13:00:00+00,TAS,147.2471302,-43.4940271
QLD_0142BGB001,Bowling Green Bay,National Park,57427.35545,1965/11/26 13:00:00+00,QLD,146.960289,-19.50711021
TAS_50254,Tasman,National Park,1.17325366,1917/07/17 14:00:00+00,TAS,147.9466744,-43.21398501
TAS_50254,Tasman,National Park,0.22778606,1917/07/17 14:00:00+00,TAS,148.0019551,-42.95986217
NT_PA68,Garig Gunak Barlu,National Park,1.38490555,1981/09/01 14:00:00+00,NT,131.9153086,-11.39670845
NSW_N0180,Timbarra,National Park,1772.720877,2002/12/31 13:00:00+00,NSW,152.3067004,-29.03246574
QLD_0028SMT001,Smith Islands,National Park,1152.878248,1936/12/18 13:00:00+00,QLD,149.1512287,-20.68058121
TAS_50252,Southwest,National Park,0.03613378,1951/10/23 13:00:00+00,TAS,146.1539411,-43.53448954
NT_PA131,Limmen,National Park,12312.74237,2012/06/25 14:00:00+00,NT,134.5604719,-14.80522013
NT_PA68,Garig Gunak Barlu,National Park,110.5108994,1981/09/01 14:00:00+00,NT,132.160109,-11.54244247
WA_28401,Danggu,National Park,2795.066839,1967/01/19 13:00:00+00,WA,125.733377,-18.06047381
TAS_50251,South Bruny,National Park,0.1206646,1919/01/13 13:00:00+00,TAS,147.107584,-43.44110326
CWTH_03,Booderee,National Park (Commonwealth),5530.156468,1992/02/26 13:00:00+00,JBT,150.731182,-35.16227009
QLD_0373DPW001,Deepwater,National Park,4859.658973,1979/07/13 14:00:00+00,QLD,151.9379264,-24.30818401
QLD_0637JAP001,Japoon,National Park,24819.79006,1992/08/04 14:00:00+00,QLD,145.8953751,-17.77789493
TAS_50248,Narawntapu,National Park,0.04458776,1976/07/06 14:00:00+00,TAS,146.5630222,-41.17382929
QLD_0918KUP001,Kuranda,National Park,31172.26346,2003/05/29 14:00:00+00,QLD,145.4376792,-16.73671062
NT_PA85,Litchfield,National Park,62803.53154,1991/07/28 14:00:00+00,NT,130.7722735,-13.15406793
NT_PA97,Tjoritja / West MacDonnell,National Park,21775.3324,2008/09/03 14:00:00+00,NT,133.0581354,-23.70272636
TAS_50254,Tasman,National Park,0.50486739,1917/07/17 14:00:00+00,TAS,148.0037488,-42.9602069
NSW_N1205,Narriearra Caryapundy Swamp,National Park,153740.9163,2020/10/29 13:00:00+00,NSW,142.5246166,-29.20666361
TAS_50251,South Bruny,National Park,0.17595258,1919/01/13 13:00:00+00,TAS,147.284461,-43.5067737
TAS_50251,South Bruny,National Park,0.02348191,1919/01/13 13:00:00+00,TAS,147.2374744,-43.46660724
TAS_50252,Southwest,National Park,0.09311214,1951/10/23 13:00:00+00,TAS,146.6007671,-43.57286968
TAS_50252,Southwest,National Park,0.35987153,1951/10/23 13:00:00+00,TAS,145.9332111,-43.40945272
NSW_N0153,Warra,National Park,3889.62839,1998/12/31 13:00:00+00,NSW,151.9373243,-30.01134389
QLD_0534BYF001,Byfield,National Park,16847.13227,1989/07/19 14:00:00+00,QLD,150.747936,-22.82047661
TAS_50252,Southwest,National Park,0.64028644,1951/10/23 13:00:00+00,TAS,145.7556176,-43.19068944
NT_PA97,Tjoritja / West MacDonnell,National Park,14591.83579,1992/09/29 14:00:00+00,NT,132.8796248,-23.7027119
TAS_50252,Southwest,National Park,0.22794418,1951/10/23 13:00:00+00,TAS,145.9324062,-43.41150162
NSW_N0146,Mount Clunie,National Park,1413.792819,1998/12/31 13:00:00+00,NSW,152.5198763,-28.31068562
WA_25865,Waychinicup,National Park,816.5169177,1961/03/02 13:00:00+00,WA,118.223379,-34.90674592
WA_42474,Kennedy Range,National Park,174550.1621,2023/11/16 13:00:00+00,WA,114.8759658,-24.7647853
QLD_0926JAC001,Muundhi (Jack River),National Park Aboriginal,164793.8568,2005/12/14 13:00:00+00,QLD,144.5882853,-14.88331353
TAS_50252,Southwest,National Park,0.12610866,1951/10/23 13:00:00+00,TAS,146.6416366,-43.58756145
VIC_3291,Dandenong Ranges,National Park,3533.622392,1882/02/28 13:00:00+00,VIC,145.3136976,-37.87683963
TAS_50251,South Bruny,National Park,0.2651982,1919/01/13 13:00:00+00,TAS,147.2810605,-43.50510832
NSW_N0004,Blue Mountains,National Park,269339.4013,1967/09/30 14:00:00+00,NSW,150.3672036,-34.00614563
NSW_N0040,Yuraygir,National Park,38401.56599,1980/01/24 13:00:00+00,NSW,153.2877948,-29.64216663
TAS_50251,South Bruny,National Park,0.13452689,1919/01/13 13:00:00+00,TAS,147.0933407,-43.42850862
QLD_0733LMN001,Lindeman Islands,National Park,2826.158573,1936/12/18 13:00:00+00,QLD,149.0864074,-20.48115251
NT_PA97,Tjoritja / West MacDonnell,National Park,4630.53012,1966/05/24 14:00:00+00,NT,132.7771738,-23.62260056
NSW_N0037,Willandra,National Park,18855.01516,1972/05/25 14:00:00+00,NSW,144.9369189,-33.21126269
QLD_0034BND001,Barnard Island Group,National Park,30.89705939,1936/08/14 14:00:00+00,QLD,146.160106,-17.73788678
TAS_50252,Southwest,National Park,2.98268313,1951/10/23 13:00:00+00,TAS,146.0072013,-43.45772989
NT_PA96,Watarrka,National Park,47327.2803,1989/07/30 14:00:00+00,NT,131.6616213,-24.26608753
QLD_1059GGR001,Gadgarra,National Park,8073.832613,2003/05/29 14:00:00+00,QLD,145.7027738,-17.2779386
NSW_N1149,Mares Forest,National Park,2645.307109,2010/08/12 14:00:00+00,NSW,149.9192399,-34.29641578
TAS_50251,South Bruny,National Park,0.10156979,1919/01/13 13:00:00+00,TAS,147.1326255,-43.4972296
QLD_0102MOL001,Molle Islands,National Park,1779.806898,1994/12/15 13:00:00+00,QLD,148.8605554,-20.37236872
NSW_N0144,Mebbin,National Park,3779.177109,1998/12/31 13:00:00+00,NSW,153.1617923,-28.45479916
TAS_50244,Maria Island,National Park,0.01339454,1971/06/01 14:00:00+00,TAS,148.0150991,-42.66498258
ACT_39,Namadgi,National Park,77228.19089,1993/09/13 14:00:00+00,ACT,148.9361133,-35.58339777
NT_PA88,Nitmiluk,National Park,13387.54396,1977/10/18 13:00:00+00,NT,132.4771987,-14.0777223
NSW_N1118,Marrangaroo,National Park,1671.605213,2007/02/27 13:00:00+00,NSW,150.0910266,-33.45953233
TAS_50244,Maria Island,National Park,0.05073162,1971/06/01 14:00:00+00,TAS,148.1501648,-42.65838139
QLD_1033ERK001,Errk Oykangand,National Park Aboriginal,38237.63041,1977/10/28 13:00:00+00,QLD,142.0895037,-15.48694589
TAS_50252,Southwest,National Park,1.45783071,1951/10/23 13:00:00+00,TAS,145.6690149,-43.08154494
NT_PA118,Mary River,National Park,826.6961526,1986/03/27 13:00:00+00,NT,131.7328647,-12.27997902
TAS_50252,Southwest,National Park,0.05491429,1951/10/23 13:00:00+00,TAS,145.9532896,-43.42392905
QLD_1071RYI001,Rinyirru (Lakefield),National Park Aboriginal,543930.9345,1979/10/24 13:00:00+00,QLD,144.0196786,-15.01203833
NT_PA97,Tjoritja / West MacDonnell,National Park,136.57518,1993/02/24 13:00:00+00,NT,132.3551941,-23.70284067
QLD_0116DNT001,Daintree,National Park,22.11459116,1939/12/01 13:00:00+00,QLD,145.4498097,-16.23312616
NSW_N0158,Minjary,National Park,1459.616947,2000/12/31 13:00:00+00,NSW,148.1411267,-35.25189915
QLD_1010BYP001,Binya,National Park,13379.21141,2009/02/19 13:00:00+00,QLD,145.6119765,-28.84676891
TAS_50254,Tasman,National Park,0.20085084,1917/07/17 14:00:00+00,TAS,147.781428,-43.2341276
QLD_0728TAR001,Tarong,National Park,1517.793797,1995/06/21 14:00:00+00,QLD,151.8460028,-26.83746112
WA_27004,Kalbarri,National Park,183162.1885,1963/11/21 13:00:00+00,WA,114.4636387,-27.61162439
SA_0318,Onkaparinga River,National Park,1544.569984,1993/08/04 14:00:00+00,SA,138.5594758,-35.1590757
QLD_0387HST001,Hasties Swamp,National Park,55.22238097,1980/04/04 13:00:00+00,QLD,145.4757324,-17.29923722
TAS_50252,Southwest,National Park,0.12045068,1951/10/23 13:00:00+00,TAS,146.5974532,-43.56287097
TAS_50248,Narawntapu,National Park,0.24307733,1976/07/06 14:00:00+00,TAS,146.5661778,-41.17072612
TAS_50241,Freycinet,National Park,0.00561198,1916/08/28 14:00:00+00,TAS,148.352801,-42.11736085
NSW_N0145,Mooball,National Park,1150.532139,1998/12/31 13:00:00+00,NSW,153.4697209,-28.38646205
TAS_50252,Southwest,National Park,0.16559248,1951/10/23 13:00:00+00,TAS,145.8185978,-43.30078705
TAS_50244,Maria Island,National Park,0.01598017,1971/06/01 14:00:00+00,TAS,148.0929331,-42.72227128
TAS_50254,Tasman,National Park,0.04185583,1917/07/17 14:00:00+00,TAS,148.0011574,-43.23084721
TAS_50252,Southwest,National Park,0.05528563,1951/10/23 13:00:00+00,TAS,146.3709778,-43.73917448
NT_PA68,Garig Gunak Barlu,National Park,67.96815966,1981/09/01 14:00:00+00,NT,132.2900703,-11.10271853
TAS_50252,Southwest,National Park,1.00721369,1951/10/23 13:00:00+00,TAS,145.7759901,-43.22892513
TAS_50252,Southwest,National Park,0.08918953,1951/10/23 13:00:00+00,TAS,146.7027681,-43.62745971
TAS_50252,Southwest,National Park,2.54112946,1951/10/23 13:00:00+00,TAS,146.0861871,-42.80779345
QLD_0385BSI001,Broad Sound Islands,National Park,2747.561602,1980/02/29 13:00:00+00,QLD,149.8932481,-22.209366
TAS_50252,Southwest,National Park,11.20973716,1951/10/23 13:00:00+00,TAS,145.7850933,-43.22409515
TAS_50252,Southwest,National Park,0.13789889,1951/10/23 13:00:00+00,TAS,146.6399694,-43.58776291
TAS_50248,Narawntapu,National Park,2.42059448,1976/07/06 14:00:00+00,TAS,146.5677225,-41.1710113
NT_PA59,Finke Gorge,National Park,14.80413446,1966/10/27 13:00:00+00,NT,132.7701623,-24.05865479
NSW_N0139,Barool,National Park,11155.82645,1998/12/31 13:00:00+00,NSW,152.2299579,-29.66876003
NT_PA68,Garig Gunak Barlu,National Park,2175.064834,1981/09/01 14:00:00+00,NT,132.1314732,-11.59959001
QLD_0001TAM001,Tamborine,National Park,2091.943365,1908/03/27 13:00:00+00,QLD,153.1845762,-27.88429861
TAS_50252,Southwest,National Park,1.29795066,1951/10/23 13:00:00+00,TAS,145.9206495,-43.4185393
QLD_0105KEP001,Keppel Bay Islands,National Park,726.0213262,1940/06/14 14:00:00+00,QLD,150.8949987,-23.07043956
TAS_50254,Tasman,National Park,0.06845787,1917/07/17 14:00:00+00,TAS,148.005288,-43.24592439
NT_PA85,Litchfield,National Park,3305.771651,1991/07/28 14:00:00+00,NT,130.9096539,-13.05889058
VIC_3302,Morwell,National Park,565.3226506,1966/11/28 13:00:00+00,VIC,146.3906866,-38.36627131
QLD_0401LIT001,Littabella,National Park,8382.738171,1980/12/19 13:00:00+00,QLD,151.9649357,-24.7079393
TAS_50244,Maria Island,National Park,0.05820379,1971/06/01 14:00:00+00,TAS,148.1146047,-42.6641151
TAS_50252,Southwest,National Park,0.07453215,1951/10/23 13:00:00+00,TAS,145.9216106,-43.38349831
TAS_50237,Ben Lomond,National Park,18190.11631,1947/07/22 14:00:00+00,TAS,147.6521171,-41.56103992
QLD_0031BRK001,Brook Islands,National Park,58.74716802,1936/08/14 14:00:00+00,QLD,146.2821634,-18.14022605
NSW_N0119,Carrai,National Park,11707.65382,1998/12/31 13:00:00+00,NSW,152.2151101,-30.89485298
QLD_0118BRG001,Barron Gorge,National Park,2970.040896,1900/09/21 14:00:00+00,QLD,145.6422298,-16.87694863
TAS_50251,South Bruny,National Park,0.60657048,1919/01/13 13:00:00+00,TAS,147.1777593,-43.4930724
WA_40837,Mount Frankland,National Park,37121.53209,1988/12/22 13:00:00+00,WA,116.6695187,-34.74753732
NSW_N0181,Yarriabini,National Park,2179.826132,2002/12/31 13:00:00+00,NSW,152.9537378,-30.79129257
SA_0222,Lincoln,National Park,21437.31875,1941/08/27 14:00:00+00,SA,135.8603745,-34.838811
TAS_50241,Freycinet,National Park,0.06257974,1916/08/28 14:00:00+00,TAS,148.3562587,-42.11785922
TAS_50252,Southwest,National Park,0.75263438,1951/10/23 13:00:00+00,TAS,145.6885029,-43.11227157
CWTH_12,Uluru-Kata Tjuta,National Park (Commonwealth),133301.7401,1958/01/22 13:00:00+00,NT,131.0194953,-25.34166664
NSW_N1119,Yanga,National Park,35382.9001,2007/02/27 13:00:00+00,NSW,143.6722469,-34.61220187
TAS_50252,Southwest,National Park,1.15709494,1951/10/23 13:00:00+00,TAS,147.0003381,-43.8543452
TAS_50251,South Bruny,National Park,0.04838493,1919/01/13 13:00:00+00,TAS,147.1321945,-43.49725722
WA_29802,Tathra,National Park,1392.466463,1969/05/22 14:00:00+00,WA,115.4966006,-29.81551713
QLD_0082SCU001,South Cumberland Islands,National Park,3365.383245,1938/06/17 14:00:00+00,QLD,149.615926,-20.86639169
TAS_50252,Southwest,National Park,0.45613301,1951/10/23 13:00:00+00,TAS,145.963632,-43.42081507
NSW_N0043,Oxley Wild Rivers,National Park,153674.7587,1986/09/25 14:00:00+00,NSW,152.0525403,-31.06938423
WA_26650,Hassell,National Park,1138.186774,1963/03/07 13:00:00+00,WA,118.328962,-34.67664537
QLD_0316CPS001,Cape Palmerston,National Park,7191.874552,1976/10/01 14:00:00+00,QLD,149.4284264,-21.59118807
NT_PA90,Elsey,National Park,3.97798687,1967/04/19 14:00:00+00,NT,133.1351522,-14.92264397
WA_12046,William Bay,National Park,1716.044724,1956/07/05 14:00:00+00,WA,117.2520022,-35.01531631
NT_PA88,Nitmiluk,National Park,804.5287787,1962/10/21 13:00:00+00,NT,132.4461109,-14.40592742
TAS_50252,Southwest,National Park,0.48058912,1951/10/23 13:00:00+00,TAS,145.6932582,-43.1192738
TAS_50252,Southwest,National Park,0.07893932,1951/10/23 13:00:00+00,TAS,146.1533101,-43.53437059
NSW_N0110,Richmond Range,National Park,15715.27365,1996/12/31 13:00:00+00,NSW,152.7467959,-28.78788074
NT_PA116,Djukbinj,National Park,8085.790887,1978/01/10 13:00:00+00,NT,131.3878781,-12.65485885
QLD_0934BNP001,Ban Ban,National Park,1958.054605,2000/11/09 13:00:00+00,QLD,151.9656277,-25.83248813
NSW_N0003,Beowa,National Park,10759.21121,1971/11/11 13:00:00+00,NSW,149.9915993,-37.19080192
QLD_1009BFN001,Bluff Hill,National Park,1811.012718,2008/11/27 13:00:00+00,QLD,148.7774132,-21.05495428
NSW_N0028,New England,National Park,71642.93436,1967/09/30 14:00:00+00,NSW,152.4721942,-30.52740143
QLD_0071CAY001,Capricornia Cays,National Park (Scientific),40.99731749,1937/05/14 14:00:00+00,QLD,152.375179,-23.85569674
NT_PA85,Litchfield,National Park,60463.83269,1991/07/28 14:00:00+00,NT,130.8587766,-13.40915084
VIC_3295,Mitchell River,National Park,14402.46626,1962/12/10 13:00:00+00,VIC,147.348986,-37.64967069
QLD_0101REP001,Repulse Islands,National Park,149.7459614,1994/12/15 13:00:00+00,QLD,148.8800563,-20.5981817
TAS_50252,Southwest,National Park,0.39421549,1951/10/23 13:00:00+00,TAS,145.9946161,-42.75628942
SA_1284_1,Wapma Thura-Southern Flinders Ranges,National Park,8696.048364,2021/11/24 13:00:00+00,SA,138.1378871,-33.05593278
VIC_3299,Lind,National Park,1359.661202,1956/10/29 13:00:00+00,VIC,148.9539269,-37.57559019
TAS_50252,Southwest,National Park,0.47446688,1951/10/23 13:00:00+00,TAS,146.2777276,-43.53449052
NSW_N0141,Koreelah,National Park,5242.669108,1998/12/31 13:00:00+00,NSW,152.4363069,-28.31891801
WA_32853,Drysdale River,National Park,447673.3136,1974/09/26 14:00:00+00,WA,127.0462006,-14.92471341
WA_22515,Lesmurdie Falls,National Park,35.00142541,1946/01/31 13:00:00+00,WA,116.0310284,-31.99544302
QLD_0690MMT001,Mount Martin,National Park,2272.358762,1994/08/04 14:00:00+00,QLD,148.8973909,-21.09204209
TAS_50251,South Bruny,National Park,1.39953949,1919/01/13 13:00:00+00,TAS,147.3638909,-43.3994504
NSW_N0182,Wallarah,National Park,174.5016973,2003/05/01 14:00:00+00,NSW,151.6379941,-33.1288365
WA_31737,Fitzgerald River,National Park,285675.494,1973/01/18 13:00:00+00,WA,119.5559723,-33.94465248
WA_40250,Tuart Forest,National Park,675.9890839,1987/10/15 13:00:00+00,WA,115.4611454,-33.6179549
TAS_50252,Southwest,National Park,0.08751711,1951/10/23 13:00:00+00,TAS,145.9537271,-43.42472064
QLD_0418HLB001,Holbourne Island,National Park,35.60149703,1982/07/30 14:00:00+00,QLD,148.3581098,-19.72612272
WA_47665,Boorara-Gardner,National Park,11016.71555,2004/12/07 13:00:00+00,WA,116.2174598,-34.74930519
TAS_50251,South Bruny,National Park,0.04097125,1919/01/13 13:00:00+00,TAS,147.1466311,-43.49824909
QLD_0343OYA001,Oyala Thumotang,National Park Aboriginal,381283.8571,1977/11/11 13:00:00+00,QLD,142.7993639,-13.57844898
VIC_3319,Alpine,National Park,662436.5122,1979/04/25 14:00:00+00,VIC,147.06115,-37.02981908
WA_47667,Wiltshire-Butler,National Park,11649.18118,2004/11/29 13:00:00+00,WA,115.4751692,-34.01347973
TAS_50251,South Bruny,National Park,0.46993321,1919/01/13 13:00:00+00,TAS,147.2983395,-43.5272516
QLD_0930TFN001,Tully Falls,National Park,17043.13284,2005/12/15 13:00:00+00,QLD,145.5920708,-17.67003144
NT_PA97,Tjoritja / West MacDonnell,National Park,519.0087679,1968/05/29 14:00:00+00,NT,132.982338,-23.7452749
TAS_50251,South Bruny,National Park,11.05564656,1919/01/13 13:00:00+00,TAS,147.2931874,-43.52598846
TAS_50241,Freycinet,National Park,1.0383073,1916/08/28 14:00:00+00,TAS,148.358721,-42.11669154
NSW_N0134,Basket Swamp,National Park,2800.056936,1998/12/31 13:00:00+00,NSW,152.1691472,-28.93406396
QLD_0154BNY001,Mount Barney,National Park,18315.72297,1938/06/12 14:00:00+00,QLD,152.6726228,-28.28516862
QLD_0946WNP001,Woroon,National Park,551.3011491,2006/03/30 13:00:00+00,QLD,151.7648601,-26.06984914
TAS_50254,Tasman,National Park,4.85361227,1917/07/17 14:00:00+00,TAS,147.9757359,-42.88194852
TAS_50252,Southwest,National Park,0.09765398,1951/10/23 13:00:00+00,TAS,146.2836322,-43.62448212
TAS_50241,Freycinet,National Park,0.36994253,1916/08/28 14:00:00+00,TAS,148.3089236,-42.27072392
NSW_N1146,Capertee,National Park,6775.810936,2010/06/24 14:00:00+00,NSW,150.0368373,-33.03771077
TAS_50252,Southwest,National Park,72.20225846,1951/10/23 13:00:00+00,TAS,146.5248105,-43.56921296
QLD_1030THK001,Tuchekoi,National Park,383.7938834,2000/11/09 13:00:00+00,QLD,152.8403247,-26.3689319
TAS_50244,Maria Island,National Park,0.0584775,1971/06/01 14:00:00+00,TAS,148.0954552,-42.71311862
TAS_50252,Southwest,National Park,2.269365,1951/10/23 13:00:00+00,TAS,146.2619675,-43.66302861
NT_PA88,Nitmiluk,National Park,13383.86373,1977/10/18 13:00:00+00,NT,132.3357281,-14.07775757
WA_46232,Mitchell River,National Park,115052.0799,2000/07/09 14:00:00+00,WA,125.5522993,-15.00388405
WA_47885,Dalgarup,National Park,2378.672554,2004/12/07 13:00:00+00,WA,115.9860788,-33.97882693
NSW_N0160,Bangadilly,National Park,1323.535657,2000/12/31 13:00:00+00,NSW,150.1935032,-34.44983393
TAS_50254,Tasman,National Park,0.08077195,1917/07/17 14:00:00+00,TAS,147.8625845,-43.20583492
WA_47881,Korung,National Park,6353.875682,2004/11/29 13:00:00+00,WA,116.1335311,-32.06954386
NT_PA59,Finke Gorge,National Park,372.0750036,1966/10/27 13:00:00+00,NT,132.7913063,-24.06867409
TAS_50254,Tasman,National Park,3.7616349,1917/07/17 14:00:00+00,TAS,148.0064109,-43.13820581
NT_PA92,Judbarra / Gregory,National Park,1888.0024,2011/08/22 14:00:00+00,NT,130.7308731,-16.02531109
TAS_50252,Southwest,National Park,1.10425253,1951/10/23 13:00:00+00,TAS,146.3794034,-43.5354277
NSW_N0055,Nymboida,National Park,40645.78547,1980/09/18 14:00:00+00,NSW,152.448249,-29.65363131
WA_47884,Midgegooroo,National Park,2493.040372,2004/11/29 13:00:00+00,WA,116.1497804,-32.12910252
SA_0227,Kati Thanda-Lake Eyre,National Park,1350741.319,1985/10/30 13:00:00+00,SA,137.5103605,-28.53651085
TAS_50241,Freycinet,National Park,14015.73396,1916/08/28 14:00:00+00,TAS,148.2893316,-42.23052832
SA_0224,Dhilba Guuranda-Innes,National Park,10846.92902,1970/03/04 13:00:00+00,SA,136.8958623,-35.24101707
QLD_0258ETN001,Mount Etna Caves,National Park,579.5597636,1974/04/19 14:00:00+00,QLD,150.4744448,-23.16042453
NT_PA88,Nitmiluk,National Park,13502.30249,1977/10/18 13:00:00+00,NT,132.6187995,-14.07771774
NSW_N0063,Nangar,National Park,9412.784186,1983/08/04 14:00:00+00,NSW,148.5201709,-33.43295922
QLD_0019CAR001,Carnarvon,National Park,301340.2376,1932/04/29 14:00:00+00,QLD,148.0862935,-25.03636209
TAS_50241,Freycinet,National Park,0.01066404,1916/08/28 14:00:00+00,TAS,148.3131676,-42.26721987
TAS_50254,Tasman,National Park,0.27823953,1917/07/17 14:00:00+00,TAS,147.9729554,-42.87165407
WA_36996,D'Entrecasteaux,National Park,119004.2514,1980/11/27 13:00:00+00,WA,116.2320585,-34.85645063
SA_0228,Witjira,National Park,50807.69246,1985/11/20 13:00:00+00,SA,135.5254607,-26.44507357
VIC_3290,Mornington Peninsula,National Park,2681.878298,1975/11/30 13:00:00+00,VIC,144.8584364,-38.44456672
TAS_50254,Tasman,National Park,0.1459805,1917/07/17 14:00:00+00,TAS,147.9871694,-43.22405978
TAS_50251,South Bruny,National Park,3.65970041,1919/01/13 13:00:00+00,TAS,147.2863053,-43.53326365
WA_2803,Murujuga,National Park,220.260984,2019/07/04 14:00:00+00,WA,116.7881798,-20.56777815
TAS_50244,Maria Island,National Park,0.01868699,1971/06/01 14:00:00+00,TAS,148.0881959,-42.69186319
VIC_4493,Heathcote-Graytown,National Park,12692.91724,2002/10/29 13:00:00+00,VIC,144.9853258,-36.78180599
NSW_N1102,Gir-um-bit,National Park,608.723131,2007/06/30 14:00:00+00,NSW,151.9418677,-32.71835589
QLD_0239GRP001,Grey Peaks,National Park,3347.964905,1971/12/01 13:00:00+00,QLD,145.8379879,-16.92097911
TAS_50252,Southwest,National Park,1.24096339,1951/10/23 13:00:00+00,TAS,146.0019711,-43.43881416
ACT_39,Namadgi,National Park,2.16652726,2013/03/17 13:00:00+00,ACT,149.059702,-35.67502356
QLD_0012TUL001,Tully Gorge,National Park,60597.0387,1963/07/05 14:00:00+00,QLD,145.853077,-17.82668754
QLD_0948BII001,Beninbi,National Park,2595.724445,2000/10/10 13:00:00+00,QLD,151.7380302,-25.880196
QLD_1038DJI001,Djiru,National Park,4178.178001,2001/09/13 14:00:00+00,QLD,146.0627163,-17.89193315
TAS_50241,Freycinet,National Park,0.90722457,1916/08/28 14:00:00+00,TAS,148.357359,-42.11726488
TAS_50241,Freycinet,National Park,0.09757413,1916/08/28 14:00:00+00,TAS,148.2300756,-42.29330949
QLD_1034BEK001,Beeron,National Park,7045.662179,2009/12/10 13:00:00+00,QLD,151.3155007,-26.00537188
TAS_50254,Tasman,National Park,0.06289458,1917/07/17 14:00:00+00,TAS,147.9797496,-43.12081164
QLD_0618FRD001,Forest Den,National Park,5891.852258,1991/11/15 13:00:00+00,QLD,145.2196792,-22.11968533
NT_PA131,Limmen,National Park,14649.85774,2012/06/25 14:00:00+00,NT,135.093553,-14.86195881
TAS_50244,Maria Island,National Park,0.17450631,1971/06/01 14:00:00+00,TAS,148.0924587,-42.72161574
NT_PA118,Mary River,National Park,36.43089637,1990/04/08 14:00:00+00,NT,131.7597705,-12.55670511
NT_PA97,Tjoritja / West MacDonnell,National Park,20493.47015,1993/02/24 13:00:00+00,NT,132.5538784,-23.65964127
WA_24522,Nambung,National Park,19357.86485,1956/08/30 14:00:00+00,WA,115.1583076,-30.59020445
TAS_50254,Tasman,National Park,6.06848232,1917/07/17 14:00:00+00,TAS,148.0084386,-43.13681717
TAS_50252,Southwest,National Park,78.65170589,1951/10/23 13:00:00+00,TAS,146.0866537,-42.80078201
QLD_0180ORP001,Orpheus Island,National Park,1242.052824,1984/10/05 14:00:00+00,QLD,146.4943101,-18.61409752
TAS_50244,Maria Island,National Park,0.07335069,1971/06/01 14:00:00+00,TAS,148.1206993,-42.58518787
WA_47671,Boyndaminup,National Park,5443.25262,2004/12/07 13:00:00+00,WA,116.5744226,-34.5186912
TAS_50254,Tasman,National Park,0.0389419,1917/07/17 14:00:00+00,TAS,148.005143,-43.24531356
NT_PA131,Limmen,National Park,3913.894997,2012/06/25 14:00:00+00,NT,135.7270126,-14.86475347
TAS_50251,South Bruny,National Park,0.11280619,1919/01/13 13:00:00+00,TAS,147.2494682,-43.49373122
NSW_N0095,Eurobodalla,National Park,3030.828899,1995/12/21 13:00:00+00,NSW,150.115552,-36.13111501
VIC_3314,Chiltern-Mt Pilot,National Park,21664.62474,1980/04/25 14:00:00+00,VIC,146.7232254,-36.24573392
TAS_50254,Tasman,National Park,0.54941358,1917/07/17 14:00:00+00,TAS,147.9714382,-43.10034291
SA_1267_1,Nilpena Ediacara ,National Park,64908.81058,2021/06/16 14:00:00+00,SA,138.1077019,-30.97210337
TAS_50254,Tasman,National Park,0.0414448,1917/07/17 14:00:00+00,TAS,148.0042177,-43.23163786
NT_PA97,Tjoritja / West MacDonnell,National Park,151.4825049,1993/02/24 13:00:00+00,NT,132.7592034,-23.70408058
NSW_N1101,Karuah,National Park,3520.148233,2007/06/30 14:00:00+00,NSW,151.9379187,-32.588484
QLD_0987CDN001,Cordalba,National Park,2476.921011,2000/11/09 13:00:00+00,QLD,152.1014241,-25.11993855
NT_PA116,Djukbinj,National Park,86.73306687,1978/01/10 13:00:00+00,NT,131.3820541,-12.59789891
TAS_50252,Southwest,National Park,24.49989587,1951/10/23 13:00:00+00,TAS,146.094037,-42.80516129
TAS_50254,Tasman,National Park,5.06053637,1917/07/17 14:00:00+00,TAS,148.0532782,-43.12218794
TAS_50252,Southwest,National Park,1.62934663,1951/10/23 13:00:00+00,TAS,146.2654007,-43.66133344
TAS_50254,Tasman,National Park,3308.956696,1917/07/17 14:00:00+00,TAS,147.7328144,-43.18688372
VIC_3297,The Lakes,National Park,2407.342165,1956/10/29 13:00:00+00,VIC,147.6661129,-37.99193256
QLD_0414MRL001,Mariala,National Park,27043.68376,1992/05/21 14:00:00+00,QLD,145.0410716,-26.06171682
QLD_0956GBR001,Glenbar,National Park,2979.498715,2000/11/09 13:00:00+00,QLD,152.3440379,-25.83760884
QLD_1003HRP001,Herberton Range,National Park,6536.356655,2003/05/29 14:00:00+00,QLD,145.4724162,-17.36149951
WA_29800,Alexander Morrison,National Park,4095.978857,1969/05/22 14:00:00+00,WA,115.5803153,-30.05085173
TAS_50241,Freycinet,National Park,0.95264441,1916/08/28 14:00:00+00,TAS,148.3538083,-42.20318706
NSW_N1197,Ben Halls Gap,National Park,516.0892273,2019/01/24 13:00:00+00,NSW,151.2293436,-31.58287564
WA_13045,Walpole-Nornalup,National Park,9.42264205,1926/03/11 13:00:00+00,WA,116.7591008,-34.99927866
TAS_50241,Freycinet,National Park,0.15223233,1916/08/28 14:00:00+00,TAS,148.3289513,-42.23218727
TAS_50251,South Bruny,National Park,0.12268051,1919/01/13 13:00:00+00,TAS,147.0941024,-43.43008222
TAS_50255,Walls of Jerusalem,National Park,51807.34223,1978/12/12 13:00:00+00,TAS,146.2472679,-41.92822957
WA_28862,Serpentine,National Park,3622.87867,1987/02/05 13:00:00+00,WA,116.0569725,-32.38591878
TAS_50241,Freycinet,National Park,0.01847267,1916/08/28 14:00:00+00,TAS,148.3130458,-42.1606996
TAS_50244,Maria Island,National Park,0.26935667,1971/06/01 14:00:00+00,TAS,148.1152615,-42.66377365
NT_PA90,Elsey,National Park,0.14414489,1990/09/30 14:00:00+00,NT,133.1192627,-14.92637488
NSW_N0157,Livingstone,National Park,1920.196984,2000/12/31 13:00:00+00,NSW,147.354633,-35.37064229
NSW_N0065,Tomaree,National Park,2324.261786,1984/11/08 13:00:00+00,NSW,152.1420713,-32.75336484
QLD_0499ARC001,Mount Archer,National Park,4261.817575,1991/11/29 13:00:00+00,QLD,150.5913427,-23.33074868
WA_30071,Millstream Chichester,National Park,238343.7932,1969/11/06 13:00:00+00,WA,117.4802343,-21.45755139
TAS_50252,Southwest,National Park,0.36818316,1951/10/23 13:00:00+00,TAS,146.2836792,-43.53678809
NT_PA131,Limmen,National Park,71.88135073,2012/06/25 14:00:00+00,NT,135.1768417,-14.76718759
NSW_N0137,Butterleaf,National Park,3004.834536,1998/12/31 13:00:00+00,NSW,152.0194476,-29.52199957
NSW_N0131,Bindarri,National Park,5575.652506,1998/12/31 13:00:00+00,NSW,152.9346156,-30.29783956
TAS_50248,Narawntapu,National Park,0.01073145,1976/07/06 14:00:00+00,TAS,146.5631386,-41.17345095
WA_36208,Helena and Aurora Ranges,National Park,149157.1932,2004/12/09 13:00:00+00,WA,119.7418295,-30.08451207
TAS_50241,Freycinet,National Park,0.00983982,1916/08/28 14:00:00+00,TAS,148.3166835,-42.15599984
NT_PA97,Tjoritja / West MacDonnell,National Park,0.12333951,1993/02/24 13:00:00+00,NT,132.6953278,-23.66793718
WA_22515,Lesmurdie Falls,National Park,21.81492371,1962/03/08 13:00:00+00,WA,116.0385442,-31.99458422
TAS_50244,Maria Island,National Park,0.23639695,1971/06/01 14:00:00+00,TAS,148.137751,-42.61489067
NSW_N0091,Tooloom,National Park,4372.571954,1995/12/21 13:00:00+00,NSW,152.4432757,-28.45278024
NT_PA97,Tjoritja / West MacDonnell,National Park,40698.89143,1993/02/24 13:00:00+00,NT,132.6399111,-23.60590649
WA_19424,Brockman,National Park,51.22739026,1927/01/27 13:00:00+00,WA,115.9991473,-34.51138299
QLD_1083MGT001,Munga-Thirri,National Park,1014431.671,1967/05/19 14:00:00+00,QLD,138.3541169,-25.56754969
TAS_50251,South Bruny,National Park,0.13207484,1919/01/13 13:00:00+00,TAS,147.2493281,-43.49406235
WA_36205,Eucla,National Park,3793.234392,1979/10/11 13:00:00+00,WA,128.9671597,-31.67916912
TAS_50252,Southwest,National Park,0.04337148,1951/10/23 13:00:00+00,TAS,146.533793,-43.56335095
NSW_N0069,Budderoo,National Park,7381.786295,1986/10/02 14:00:00+00,NSW,150.6571727,-34.66773292
TAS_50252,Southwest,National Park,0.07947928,1951/10/23 13:00:00+00,TAS,146.3675331,-43.73598128
NT_PA85,Litchfield,National Park,955.5181233,1991/07/28 14:00:00+00,NT,130.9046203,-13.11365665
TAS_50254,Tasman,National Park,3.3083814,1917/07/17 14:00:00+00,TAS,147.9757573,-42.85566329
NSW_N1099,Wallaroo,National Park,2784.011517,2007/06/30 14:00:00+00,NSW,151.8029528,-32.6113645
NSW_N1154,Limeburners Creek,National Park,10168.01901,2010/09/30 14:00:00+00,NSW,152.9191631,-31.31447317
NT_PA118,Mary River,National Park,271.3414149,1986/01/28 13:00:00+00,NT,131.7871634,-12.37899909
TAS_50254,Tasman,National Park,1.85972361,1917/07/17 14:00:00+00,TAS,147.9732569,-42.88213943
TAS_50244,Maria Island,National Park,0.27466039,1971/06/01 14:00:00+00,TAS,148.0678207,-42.72610579
QLD_0243MAZ001,Mazeppa,National Park,4125.737204,1972/06/14 14:00:00+00,QLD,147.2877868,-22.22872655
NSW_N1129,Murray Valley,National Park,39521.33026,2010/06/30 14:00:00+00,NSW,145.1068909,-35.81449274
TAS_50252,Southwest,National Park,0.09926132,1951/10/23 13:00:00+00,TAS,146.0697532,-43.55880369
TAS_50251,South Bruny,National Park,0.1876017,1919/01/13 13:00:00+00,TAS,147.3009489,-43.51867156
TAS_50241,Freycinet,National Park,0.0493301,1916/08/28 14:00:00+00,TAS,148.3155636,-42.36217043
QLD_0544HRI001,Wuthathi (Sir Charles Hardy Group),National Park Aboriginal,131.2866472,1989/03/31 13:00:00+00,QLD,143.4808323,-11.91778998
QLD_0250MWB001,Daarrba,National Park Aboriginal,415.0392793,1973/10/26 13:00:00+00,QLD,145.1242992,-15.06790994
TAS_50241,Freycinet,National Park,0.0169478,1916/08/28 14:00:00+00,TAS,148.2783421,-42.32585812
NSW_N0006,Brisbane Water,National Park,12102.49276,1967/09/30 14:00:00+00,NSW,151.2451936,-33.4717239
NT_PA93,Keep River,National Park,31040.26616,1986/01/28 13:00:00+00,NT,129.1903671,-15.817202
QLD_0002BUN001,Bunya Mountains,National Park,19372.80552,1908/07/31 14:00:00+00,QLD,151.5347941,-26.81943325
TAS_50252,Southwest,National Park,3.39972446,1951/10/23 13:00:00+00,TAS,146.1421678,-42.83532384
NT_PA68,Garig Gunak Barlu,National Park,208.2147941,1981/09/01 14:00:00+00,NT,132.4541879,-11.62390435
SA_0003,Lake Torrens,National Park,568759.1703,1991/12/18 13:00:00+00,SA,137.6484792,-30.63715032
NSW_N1033,Scone Mountain,National Park,78.04067176,2005/12/22 13:00:00+00,NSW,150.8887637,-32.04019066
TAS_50254,Tasman,National Park,0.47385492,1917/07/17 14:00:00+00,TAS,147.9484571,-43.21581896
QLD_1032WDM001,Woondum,National Park,4049.767574,2001/05/03 14:00:00+00,QLD,152.8147158,-26.27776036
NT_PA90,Elsey,National Park,25.97120736,1990/09/30 14:00:00+00,NT,133.2356282,-15.01442158
NT_PA97,Tjoritja / West MacDonnell,National Park,385.6014141,1965/02/14 13:00:00+00,NT,132.6747818,-23.69816305
WA_22795,Cape Le Grand,National Park,30976.60564,1948/05/20 14:00:00+00,WA,122.2539999,-33.93126523
TAS_50251,South Bruny,National Park,0.0589677,1919/01/13 13:00:00+00,TAS,147.2444762,-43.49134577
TAS_50252,Southwest,National Park,2.08492814,1951/10/23 13:00:00+00,TAS,146.1495693,-42.83367872
QLD_0233POR001,Porcupine Gorge,National Park,5198.251309,1970/10/23 13:00:00+00,QLD,144.4557079,-20.35889049
NT_PA131,Limmen,National Park,23.42718767,2012/06/25 14:00:00+00,NT,134.5339385,-14.73702574
QLD_0221EUB001,Eubenangee Swamp,National Park,2472.50372,1968/11/22 13:00:00+00,QLD,145.9557564,-17.42430062
TAS_50252,Southwest,National Park,0.74399503,1951/10/23 13:00:00+00,TAS,146.0964148,-43.55701364
QLD_0439PKR001,Peak Range,National Park,2516.599582,1983/09/02 14:00:00+00,QLD,148.1202995,-22.75212465
QLD_0172MAG001,Magnetic Island,National Park,3949.056638,1984/12/12 13:00:00+00,QLD,146.8320322,-19.13928587
VIC_4710,Great Otway,National Park,110265.3133,2005/12/10 13:00:00+00,VIC,143.8550447,-38.6039982
QLD_0110FLG001,Flinders Group,National Park Aboriginal,2808.520231,1939/12/01 13:00:00+00,QLD,144.2549504,-14.1787119
WA_28862,Serpentine,National Park,662.5352818,1968/03/28 13:00:00+00,WA,116.010265,-32.37138731
NSW_N1066,Somerton,CCA Zone 1 National Park,753.2246803,2005/11/30 13:00:00+00,NSW,150.5270406,-31.00250513
NT_PA88,Nitmiluk,National Park,13395.08623,1977/10/18 13:00:00+00,NT,132.5479379,-14.07769961
NSW_N1100,Columbey,National Park,1285.252414,2007/06/30 14:00:00+00,NSW,151.7406804,-32.58675732
WA_25373,Scott,National Park,3322.286283,1959/07/16 14:00:00+00,WA,115.2167419,-34.21014284
TAS_50252,Southwest,National Park,0.27380298,1951/10/23 13:00:00+00,TAS,146.034894,-43.50226911
WA_28462,Moore River,National Park,17234.88245,1967/03/09 13:00:00+00,WA,115.6937253,-31.09381737
QLD_0369TNT001,Taunton,National Park (Scientific),11625.45388,1994/12/15 13:00:00+00,QLD,149.2166115,-23.53914463
NSW_N0016,Kanangra-Boyd,National Park,71804.43175,1969/12/02 13:00:00+00,NSW,150.1025296,-33.88414983
TAS_50244,Maria Island,National Park,0.05355274,1971/06/01 14:00:00+00,TAS,148.1361534,-42.620491
NSW_N0199,Woolooma,National Park,496.5468375,2005/12/22 13:00:00+00,NSW,151.1675325,-32.04149284
NSW_N0106,Fortis Creek,National Park,7909.449024,1996/12/31 13:00:00+00,NSW,152.8693634,-29.44156354
TAS_50252,Southwest,National Park,0.55015639,1951/10/23 13:00:00+00,TAS,145.9660615,-43.42617183
TAS_50251,South Bruny,National Park,1.74495496,1919/01/13 13:00:00+00,TAS,147.2975421,-43.52887547
TAS_50242,Hartz Mountains,National Park,12151.05106,1939/05/23 14:00:00+00,TAS,146.763811,-43.20866327
TAS_50252,Southwest,National Park,66.5090896,1951/10/23 13:00:00+00,TAS,146.2912468,-43.61795173
TAS_50241,Freycinet,National Park,1.63966209,1916/08/28 14:00:00+00,TAS,148.3563055,-42.11881048
WA_24522,Nambung,National Park,32.19429712,1981/02/26 13:00:00+00,WA,115.0872726,-30.50843991
QLD_0980GRY001,Girramay,National Park,29022.75691,1973/03/14 13:00:00+00,QLD,145.8398926,-18.15949315
NT_PA131,Limmen,National Park,3.32952031,2012/06/25 14:00:00+00,NT,135.7153722,-14.88072062
QLD_0942NGR001,Nangur,National Park,1811.69854,2000/11/09 13:00:00+00,QLD,151.9837874,-26.11954461
WA_47688,Unnamed WA47688,National Park,81.18366282,2004/07/25 14:00:00+00,WA,116.2703997,-33.20065001
TAS_50252,Southwest,National Park,628616.5785,1951/10/23 13:00:00+00,TAS,146.1938279,-43.1821697
NT_PA68,Garig Gunak Barlu,National Park,405.6463261,1981/09/01 14:00:00+00,NT,132.3345867,-11.52980383
TAS_50252,Southwest,National Park,0.58420273,1951/10/23 13:00:00+00,TAS,146.0695961,-43.55963052
NSW_N0169,Monga,National Park,26989.48324,2000/12/31 13:00:00+00,NSW,149.9387379,-35.64084198
NSW_N0021,Mimosa Rocks,National Park,5835.930332,1973/04/12 14:00:00+00,NSW,149.9381241,-36.66893854
QLD_0227DIP001,Dipperu,National Park (Scientific),11205.86068,1994/12/15 13:00:00+00,QLD,148.7195403,-21.94815592
WA_29800,Alexander Morrison,National Park,1375.895664,1969/05/22 14:00:00+00,WA,115.6491083,-30.0584534
NSW_N1132,Kemendok,National Park,9916.901845,2010/06/30 14:00:00+00,NSW,142.4328835,-34.47603449
TAS_50248,Narawntapu,National Park,0.01527784,1976/07/06 14:00:00+00,TAS,146.56991,-41.1753945
QLD_1064NBG001,Naree Budjong Djara,National Park,13218.20964,1981/04/08 14:00:00+00,QLD,153.4470778,-27.6710029
NSW_N1174,Arakoon,National Park,147.6576966,2010/12/09 13:00:00+00,NSW,153.0746572,-30.88347054
TAS_50251,South Bruny,National Park,0.04917926,1919/01/13 13:00:00+00,TAS,147.1458718,-43.49778942
NT_PA97,Tjoritja / West MacDonnell,National Park,1320.470071,1970/06/01 14:00:00+00,NT,133.787358,-23.71019459
QLD_0021CRL001,Crater Lakes,National Park,964.0740349,1934/10/12 13:00:00+00,QLD,145.6384958,-17.25112937
QLD_0659WEL001,Welford,National Park,123542.0981,1993/04/29 14:00:00+00,QLD,143.4805156,-24.96701739
TAS_50254,Tasman,National Park,0.25751732,1917/07/17 14:00:00+00,TAS,147.9744141,-42.88572479
TAS_50254,Tasman,National Park,0.17151933,1917/07/17 14:00:00+00,TAS,147.9712722,-42.87427248
TAS_50254,Tasman,National Park,0.20400359,1917/07/17 14:00:00+00,TAS,147.9891502,-42.97093071
TAS_50252,Southwest,National Park,0.03280295,1951/10/23 13:00:00+00,TAS,145.8108524,-43.30723209
NSW_N1137,Murrumbidgee Valley,National Park,13027.37826,2010/06/30 14:00:00+00,NSW,146.3033039,-34.61992703
TAS_50241,Freycinet,National Park,0.03566779,1916/08/28 14:00:00+00,TAS,148.3347263,-42.33896991
TAS_50252,Southwest,National Park,0.93955808,1951/10/23 13:00:00+00,TAS,146.2483726,-43.66353324
TAS_50251,South Bruny,National Park,0.18449716,1919/01/13 13:00:00+00,TAS,147.1500017,-43.49291657
QLD_0164MAD001,Mount Aberdeen,National Park,2943.222171,1952/03/07 13:00:00+00,QLD,147.9303793,-20.20042886
QLD_0039FRK001,Frankland Group,National Park,83.59223619,1936/01/27 13:00:00+00,QLD,146.0102108,-17.15755194
NSW_N0044,Mallee Cliffs,National Park,58118.45007,1977/04/21 14:00:00+00,NSW,142.6407682,-34.21431853
QLD_0952EPK001,Esk,National Park,384.3866447,2000/11/09 13:00:00+00,QLD,152.3206205,-27.29483738
NT_PA85,Litchfield,National Park,15694.83496,1991/07/28 14:00:00+00,NT,131.0170735,-13.22495143
QLD_0004FKN001,Fairlies Knob,National Park,306.0860065,1910/08/19 14:00:00+00,QLD,152.2808492,-25.49934633
TAS_50252,Southwest,National Park,6.46935613,1951/10/23 13:00:00+00,TAS,146.3742709,-43.64373788
TAS_50254,Tasman,National Park,0.11220965,1917/07/17 14:00:00+00,TAS,147.9604408,-43.07556715
TAS_50241,Freycinet,National Park,0.01590061,1916/08/28 14:00:00+00,TAS,148.3259892,-42.31908494
WA_07691,Warren,National Park,1618.657325,1990/07/05 14:00:00+00,WA,115.9033596,-34.48918473
QLD_0059SPR001,Springbrook,National Park,6542.01658,1960/11/02 13:00:00+00,QLD,153.2880686,-28.19929207
WA_39897,Purnululu,National Park,243830.8792,1987/03/05 13:00:00+00,WA,128.5336818,-17.46191018
TAS_50241,Freycinet,National Park,0.0075759,1916/08/28 14:00:00+00,TAS,148.2862643,-42.3360656
TAS_50251,South Bruny,National Park,0.50574223,1919/01/13 13:00:00+00,TAS,147.2437664,-43.47743732
NT_PA97,Tjoritja / West MacDonnell,National Park,31254.485,1970/06/01 14:00:00+00,NT,133.6952982,-23.66222
TAS_50245,Mole Creek Karst,National Park,33.90405521,1939/08/15 14:00:00+00,TAS,146.3319286,-41.55453122
NSW_N0090,Jervis Bay,National Park,5191.478809,1995/03/14 13:00:00+00,NSW,150.7427714,-34.95710656
TAS_50251,South Bruny,National Park,0.30693509,1919/01/13 13:00:00+00,TAS,147.2465257,-43.43767089
TAS_50252,Southwest,National Park,4.79514199,1951/10/23 13:00:00+00,TAS,145.8177958,-43.2966576
TAS_50252,Southwest,National Park,1.85631492,1951/10/23 13:00:00+00,TAS,145.9585312,-43.42514319
WA_47877,Easter,National Park,2976.871143,2004/12/07 13:00:00+00,WA,115.7950507,-34.20669038
TAS_50252,Southwest,National Park,0.91689084,1951/10/23 13:00:00+00,TAS,145.8102867,-43.28092613
QLD_0749ASD001,Astrebla Downs,National Park,170508.6262,1996/02/08 13:00:00+00,QLD,140.5850638,-24.2474312
NSW_N1061,Mogriguy,CCA Zone 1 National Park,396.8684767,2005/11/30 13:00:00+00,NSW,148.6166508,-32.07931298
NSW_N0116,Junuy Juluum,National Park,944.9369337,1998/12/31 13:00:00+00,NSW,152.7205409,-30.29100857
NT_PA118,Mary River,National Park,637.5874,1986/01/28 13:00:00+00,NT,131.7337891,-12.49764876
NT_PA116,Djukbinj,National Park,1.48770574,1978/01/10 13:00:00+00,NT,131.3893247,-12.60084434
QLD_0228RUS001,Russell River,National Park,6199.72394,1969/06/27 14:00:00+00,QLD,145.9782449,-17.2807289
QLD_0380BLD001,Blackdown Tableland,National Park,47826.09963,1980/01/25 13:00:00+00,QLD,149.1011518,-23.81321942
TAS_50254,Tasman,National Park,0.15052933,1917/07/17 14:00:00+00,TAS,147.9665236,-43.09206789
TAS_50254,Tasman,National Park,1438.668151,1917/07/17 14:00:00+00,TAS,147.9670182,-42.97725773
QLD_0018GIR001,Girraween,National Park,11762.46991,1932/03/04 13:00:00+00,QLD,151.9489059,-28.85582658
WA_34607,Karlamilyi,National Park,1283729.174,1977/04/21 14:00:00+00,WA,122.737319,-22.3325199
TAS_50252,Southwest,National Park,0.35814812,1951/10/23 13:00:00+00,TAS,145.8416671,-43.29521158
NSW_N1047,Bullala,CCA Zone 1 National Park,5838.062136,2005/11/30 13:00:00+00,NSW,150.3562591,-29.3702393
TAS_50252,Southwest,National Park,0.17145595,1951/10/23 13:00:00+00,TAS,146.272322,-43.63682173
TAS_50251,South Bruny,National Park,0.54730705,1919/01/13 13:00:00+00,TAS,147.1331515,-43.49807853
NSW_N0166,Jerrawangala,National Park,4017.653072,2000/12/31 13:00:00+00,NSW,150.4728166,-35.05627046
TAS_50252,Southwest,National Park,0.00680879,1951/10/23 13:00:00+00,TAS,146.1559738,-43.51843164
TAS_50245,Mole Creek Karst,National Park,134.4519966,1939/08/15 14:00:00+00,TAS,146.3437092,-41.57957563
TAS_50254,Tasman,National Park,0.45642891,1917/07/17 14:00:00+00,TAS,147.9807109,-43.1118816
TAS_50252,Southwest,National Park,0.14067338,1951/10/23 13:00:00+00,TAS,146.2719222,-43.64590974
NSW_N1155,Sea Acres,National Park,70.744051,2010/09/30 14:00:00+00,NSW,152.9331116,-31.46467162
TAS_50254,Tasman,National Park,0.31557417,1917/07/17 14:00:00+00,TAS,147.7047751,-43.17932881
ACT_39,Namadgi,National Park,3.36814904,2013/03/17 13:00:00+00,ACT,149.0559326,-35.68081776
NSW_N0049,Mungo,National Park,129912.1983,1979/04/05 14:00:00+00,NSW,143.1255095,-33.68041242
WA_47666,Jane,National Park,6867.668942,2004/12/07 13:00:00+00,WA,116.2265602,-34.59041939
WA_53843,Unnamed WA53843,National Park,548.4376825,2021/02/16 13:00:00+00,WA,115.6528018,-34.39982725
TAS_50241,Freycinet,National Park,0.0520978,1916/08/28 14:00:00+00,TAS,148.2863138,-42.14313705
TAS_50252,Southwest,National Park,0.24520855,1951/10/23 13:00:00+00,TAS,145.6723462,-43.08971043
WA_42473,Gloucester,National Park,874.640936,1993/01/28 13:00:00+00,WA,116.0757526,-34.44293291
TAS_50244,Maria Island,National Park,0.05650241,1971/06/01 14:00:00+00,TAS,148.1378969,-42.60762726
TAS_50244,Maria Island,National Park,0.08532531,1971/06/01 14:00:00+00,TAS,148.1596837,-42.65039582
NSW_N0148,Mount Pikapene,National Park,2609.981385,1998/12/31 13:00:00+00,NSW,152.7020557,-29.04930815
TAS_50252,Southwest,National Park,0.00386014,1951/10/23 13:00:00+00,TAS,146.0845436,-42.80627532
TAS_50252,Southwest,National Park,0.32422119,1951/10/23 13:00:00+00,TAS,145.7404174,-43.14549695
NSW_N0066,Kamay Botany Bay,National Park,498.4221477,1984/11/22 13:00:00+00,NSW,151.2196714,-34.03090236
TAS_50249,Rocky Cape,National Park,2784.315255,1967/06/20 14:00:00+00,TAS,145.5193694,-40.89917532
TAS_50251,South Bruny,National Park,0.08900883,1919/01/13 13:00:00+00,TAS,147.0935497,-43.42883505
WA_08428,Leeuwin-Naturaliste,National Park,107.6197492,1913/12/23 13:00:00+00,WA,115.1626346,-34.29162275
TAS_50252,Southwest,National Park,0.07672543,1951/10/23 13:00:00+00,TAS,145.7770737,-43.22989728
QLD_0168YUN001,Yungaburra,National Park,5.43812051,1953/09/11 14:00:00+00,QLD,145.5713723,-17.2880083
NSW_N0109,Nymboi-Binderay,National Park,17208.59248,1996/12/31 13:00:00+00,NSW,152.7240538,-30.10948387
TAS_50254,Tasman,National Park,0.10933415,1917/07/17 14:00:00+00,TAS,147.9931546,-42.9520166
TAS_50251,South Bruny,National Park,0.23504169,1919/01/13 13:00:00+00,TAS,147.1067571,-43.43645569
TAS_50254,Tasman,National Park,0.2245785,1917/07/17 14:00:00+00,TAS,147.7818295,-43.22510835
WA_47890,Mount Roe,National Park,127800.1427,2004/12/07 13:00:00+00,WA,117.0076806,-34.7073697
QLD_0058WHS001,Whitsunday Islands,National Park,17465.32786,1944/10/13 13:00:00+00,QLD,148.9878239,-20.25323963
TAS_50251,South Bruny,National Park,0.21964796,1919/01/13 13:00:00+00,TAS,147.1368557,-43.49742625
TAS_50252,Southwest,National Park,10199.05586,1951/10/23 13:00:00+00,TAS,146.1077169,-42.77029674
TAS_50252,Southwest,National Park,1.42272753,1951/10/23 13:00:00+00,TAS,146.372908,-43.74135748
NSW_N0163,Clyde River,National Park,1264.476723,2000/12/31 13:00:00+00,NSW,150.1498011,-35.67688659
TAS_50244,Maria Island,National Park,0.02167345,1971/06/01 14:00:00+00,TAS,148.1481336,-42.63674229
TAS_50254,Tasman,National Park,0.09954877,1917/07/17 14:00:00+00,TAS,147.7029949,-43.17833097
NSW_N1173,Bendick Murrell,National Park,1860.738832,2010/12/31 13:00:00+00,NSW,148.4511552,-34.06998919
QLD_4237NGY001,Ngaynggarr,National Park Aboriginal,16493.9593,2016/10/27 13:00:00+00,QLD,144.7397283,-15.14755945
CWTH_08,Norfolk Island (Mt Pitt),National Park (Commonwealth),493.4591267,1986/01/29 13:00:00+00,EXT,167.9398824,-29.01324652
NT_PA131,Limmen,National Park,92878.156,2012/06/25 14:00:00+00,NT,135.6463098,-16.01380891
NSW_N1144,Toorale,National Park,35694.9055,2010/11/25 13:00:00+00,NSW,145.4427835,-30.34010395
QLD_0615NAR001,Narrien Range,National Park,7455.165594,1991/10/04 14:00:00+00,QLD,146.9674992,-22.91039546
SA_0228,Witjira,National Park,717353.4928,1985/11/20 13:00:00+00,SA,135.9022587,-26.36965407
WA_07691,Warren,National Park,1371.902493,1901/03/14 13:00:00+00,WA,115.9524627,-34.50308357
QLD_0342STA001,Staaten River,National Park,468791.0877,1977/11/11 13:00:00+00,QLD,142.7364832,-16.60018402
TAS_50252,Southwest,National Park,1.25374203,1951/10/23 13:00:00+00,TAS,146.1400101,-42.83482154
NSW_N1139,Gaagal Wanggaan (South Beach),National Park,665.3112448,2010/04/21 14:00:00+00,NSW,152.9947641,-30.67869711
TAS_50252,Southwest,National Park,4.75304986,1951/10/23 13:00:00+00,TAS,145.8136206,-43.27979887
NT_PA131,Limmen,National Park,5458.525599,2012/06/25 14:00:00+00,NT,135.5419012,-15.87588181
QLD_1067MPX001,Mapleton,National Park,10077.35314,1973/02/14 13:00:00+00,QLD,152.8156398,-26.5731341
WA_27575,Neerabup,National Park,973.4795435,1965/07/01 14:00:00+00,WA,115.7254529,-31.64367789
SA_0248,Belair,National Park,837.2609757,1992/10/31 13:00:00+00,SA,138.6441068,-35.01159948
TAS_50244,Maria Island,National Park,0.11353992,1971/06/01 14:00:00+00,TAS,148.0682626,-42.72527674
TAS_50241,Freycinet,National Park,0.02919485,1916/08/28 14:00:00+00,TAS,148.3151505,-42.2762515
TAS_50251,South Bruny,National Park,0.03857043,1919/01/13 13:00:00+00,TAS,147.1938572,-43.4652424
QLD_0993GBO001,Goomboorian,National Park,1816.323817,2001/05/03 14:00:00+00,QLD,152.7707858,-26.12222967
TAS_50254,Tasman,National Park,0.0360741,1917/07/17 14:00:00+00,TAS,148.0013448,-43.23104298
WA_13045,Walpole-Nornalup,National Park,4.20680015,1926/02/12 13:00:00+00,WA,116.7106868,-35.0076575
WA_01090,Stirling Range,National Park,113345.5185,1913/06/05 14:00:00+00,WA,117.8985824,-34.39157165
NT_PA118,Mary River,National Park,151.9793434,1986/03/27 13:00:00+00,NT,131.6980906,-12.28675324
QLD_0217PLT001,Palmerston Rocks,National Park,9.51708526,1981/06/05 14:00:00+00,QLD,145.8992457,-17.5683363
QLD_1011KVN001,Kelvin,National Park,3826.560896,2009/02/19 13:00:00+00,QLD,149.1849966,-21.58663031
NT_PA59,Finke Gorge,National Park,12.13146687,1966/10/27 13:00:00+00,NT,132.7652283,-24.05437127
NSW_N1070,Yarrigan,CCA Zone 1 National Park,3122.415651,2005/11/30 13:00:00+00,NSW,149.0726347,-31.067033
NSW_N0112,Towarri,National Park,6669.381981,1998/10/01 14:00:00+00,NSW,150.7424702,-31.839291
TAS_50251,South Bruny,National Park,3.02881907,1919/01/13 13:00:00+00,TAS,147.2974992,-43.52616628
WA_30200,Gooseberry Hill,National Park,106.6918985,1970/02/12 13:00:00+00,WA,116.0476547,-31.94482366
SA_0019,Canunda,National Park,9982.096675,1959/08/19 14:00:00+00,SA,140.2468767,-37.64889162
NSW_N0164,Gourock,National Park,7848.546728,2000/12/31 13:00:00+00,NSW,149.5151344,-35.92948109
TAS_50241,Freycinet,National Park,0.17298713,1916/08/28 14:00:00+00,TAS,148.3399378,-42.13393451
NT_PA97,Tjoritja / West MacDonnell,National Park,1758.503093,1993/02/24 13:00:00+00,NT,132.7124729,-23.69449711
WA_47889,Mount Frankland South,National Park,42298.79555,2004/12/07 13:00:00+00,WA,116.6117014,-34.85355938
TAS_50254,Tasman,National Park,0.50285626,1917/07/17 14:00:00+00,TAS,147.7803428,-43.22521847
TAS_50244,Maria Island,National Park,0.08192493,1971/06/01 14:00:00+00,TAS,148.1375627,-42.6240528
TAS_50251,South Bruny,National Park,0.07025558,1919/01/13 13:00:00+00,TAS,147.1519785,-43.49117102
NT_PA97,Tjoritja / West MacDonnell,National Park,21101.93591,1992/09/29 14:00:00+00,NT,133.2253162,-23.6622782
TAS_50252,Southwest,National Park,0.2679895,1951/10/23 13:00:00+00,TAS,146.2664487,-43.66029825
TAS_50248,Narawntapu,National Park,0.50134227,1976/07/06 14:00:00+00,TAS,146.5469257,-41.13314111
QLD_1073KUY001,Kutini-Payamu (Iron Range),National Park Aboriginal,53136.16011,1977/09/21 14:00:00+00,QLD,143.279137,-12.63323174
TAS_50254,Tasman,National Park,0.04878211,1917/07/17 14:00:00+00,TAS,147.9940928,-43.13903046
TAS_50252,Southwest,National Park,0.74046938,1951/10/23 13:00:00+00,TAS,145.7504726,-43.16226588
TAS_50252,Southwest,National Park,5.17660782,1951/10/23 13:00:00+00,TAS,146.2513828,-43.66159061
WA_05225,Torndirrup,National Park,54.16421139,1898/03/03 13:00:00+00,WA,117.9367628,-35.0932277
TAS_50251,South Bruny,National Park,2435.324029,1919/01/13 13:00:00+00,TAS,147.1478377,-43.47231449
TAS_50251,South Bruny,National Park,0.43514563,1919/01/13 13:00:00+00,TAS,147.152296,-43.49087954
TAS_50251,South Bruny,National Park,0.03606495,1919/01/13 13:00:00+00,TAS,147.1934865,-43.46759405
NT_PA85,Litchfield,National Park,2621.615875,1991/07/28 14:00:00+00,NT,130.6898746,-13.05228865
QLD_0181MOO001,Mooloolah River,National Park,1675.561053,1960/04/08 14:00:00+00,QLD,153.0956086,-26.72312469
QLD_0156MPK001,Moogerah Peaks,National Park,944.2482546,1953/01/16 13:00:00+00,QLD,152.5442539,-28.02154664
QLD_0208MTI001,Gheebulum Kunungai (Moreton Island),National Park,17070.88824,1966/08/10 14:00:00+00,QLD,153.4150816,-27.24137858
WA_42474,Kennedy Range,National Park,0.05555016,2023/11/16 13:00:00+00,WA,115.1835935,-24.74415471
NSW_N1046,Breelong,CCA Zone 1 National Park,6951.477708,2005/11/30 13:00:00+00,NSW,148.7379044,-31.85954984
QLD_1075MII001,Mitirinchi Island,National Park Aboriginal,1.36802378,1989/03/31 13:00:00+00,QLD,143.4891663,-12.4041125
WA_26177,West Cape Howe,National Park,3671.248958,1962/02/08 13:00:00+00,WA,117.6050273,-35.09562115
NSW_N0001,Bald Rock,National Park,8904.855799,1971/11/11 13:00:00+00,NSW,152.0586162,-28.86949221
TAS_50252,Southwest,National Park,0.31793087,1951/10/23 13:00:00+00,TAS,146.1540962,-43.5190705
TAS_50244,Maria Island,National Park,0.08340116,1971/06/01 14:00:00+00,TAS,148.1239278,-42.59185363
TAS_50241,Freycinet,National Park,0.01909437,1916/08/28 14:00:00+00,TAS,148.3454285,-42.21136089
NSW_N1051,Dowe,CCA Zone 1 National Park,379.1553375,2005/11/30 13:00:00+00,NSW,150.496239,-30.78969132
WA_17519,Unnamed WA17519,National Park,132.1464007,1920/09/02 14:00:00+00,WA,115.9304962,-34.4725627
TAS_50252,Southwest,National Park,0.22946322,1951/10/23 13:00:00+00,TAS,146.2726138,-43.63224193
WA_54417,Burringurrah,National Park,482603.1309,2024/06/04 14:00:00+00,WA,116.6862807,-24.62014113
NSW_N0023,Mount Imlay,National Park,4716.862641,1972/07/20 14:00:00+00,NSW,149.7327318,-37.15929516
TAS_50254,Tasman,National Park,0.01233311,1917/07/17 14:00:00+00,TAS,148.0391217,-43.12064386
TAS_50252,Southwest,National Park,0.51495588,1951/10/23 13:00:00+00,TAS,145.7497245,-43.16267226
QLD_0945WWN001,Woowoonga,National Park,2641.744696,2000/11/09 13:00:00+00,QLD,152.1197067,-25.45573587
TAS_50241,Freycinet,National Park,4.54708893,1916/08/28 14:00:00+00,TAS,148.3480752,-42.11671193
WA_21314,Kalamunda,National Park,397.2156246,1934/12/06 13:00:00+00,WA,116.077865,-31.9593997
TAS_50244,Maria Island,National Park,0.01478928,1971/06/01 14:00:00+00,TAS,148.1482675,-42.63708776
VIC_3304,Budj Bim,National Park,8570.887433,1960/06/06 14:00:00+00,VIC,141.8951012,-38.09157815
WA_35637,Goongarrie,National Park,60008.12401,1978/10/19 13:00:00+00,WA,121.5560918,-29.95317032
NSW_N1063,Nullamanna,CCA Zone 1 National Park,292.6088549,2005/11/30 13:00:00+00,NSW,151.2196081,-29.57580343
TAS_50252,Southwest,National Park,0.04350038,1951/10/23 13:00:00+00,TAS,147.0015487,-43.85422553
NSW_N0030,Royal,National Park,15324.07617,1967/09/30 14:00:00+00,NSW,151.0371898,-34.1128723
QLD_0596MCL001,Mount Coolum,National Park,363.4002311,1990/11/16 13:00:00+00,QLD,153.0872155,-26.58612312
TAS_50251,South Bruny,National Park,0.06654399,1919/01/13 13:00:00+00,TAS,147.1461364,-43.49853768
QLD_0218BRA001,Brampton Islands,National Park,973.9452352,1936/04/10 14:00:00+00,QLD,149.2891811,-20.78821676
NT_PA88,Nitmiluk,National Park,13324.40381,1977/10/18 13:00:00+00,NT,132.2407964,-14.10856066
NSW_N0079,Cattai,National Park,427.5187227,1992/04/23 14:00:00+00,NSW,150.899678,-33.54652748
QLD_0111TUR001,Turtle Group,National Park,121.0978966,1939/12/01 13:00:00+00,QLD,145.2517417,-14.65455314
NT_PA59,Finke Gorge,National Park,1169.59916,1966/10/27 13:00:00+00,NT,132.8307495,-24.0875839
VIC_3318,Errinundra,National Park,43144.41449,1988/06/20 14:00:00+00,VIC,148.7899043,-37.37463862
NSW_N0159,Woomargama,National Park,24219.37867,2000/12/31 13:00:00+00,NSW,147.4761015,-35.87584534
QLD_0329POS001,Possession Island,National Park,488.450171,1977/09/16 14:00:00+00,QLD,142.3973787,-10.72419482
NT_PA118,Mary River,National Park,22939.49854,1984/03/29 13:00:00+00,NT,131.7357584,-12.68877597
QLD_0158PPK001,Pioneer Peaks,National Park,1944.978961,1980/08/22 14:00:00+00,QLD,148.9389414,-21.02784837
QLD_0013MPI001,Mount Pinbarren,National Park,22.74542973,1929/03/08 13:00:00+00,QLD,152.8553361,-26.31821875
WA_47669,Milyeannup,National Park,18697.9073,2004/11/29 13:00:00+00,WA,115.6385381,-34.15974218
NSW_N0047,Deua,National Park,121221.3518,1979/03/29 13:00:00+00,NSW,149.8048442,-35.92374634
QLD_0991BAO001,Bania,National Park,32867.11407,2000/11/09 13:00:00+00,QLD,151.4824044,-24.98072763
NSW_N1052,Drillwarrina,CCA Zone 1 National Park,1077.503689,2005/11/30 13:00:00+00,NSW,148.5460603,-31.88021378
TAS_50251,South Bruny,National Park,0.06419673,1919/01/13 13:00:00+00,TAS,147.0980338,-43.43342035
TAS_50244,Maria Island,National Park,0.08932511,1971/06/01 14:00:00+00,TAS,148.1000241,-42.66199658
QLD_0014EUD001,Eudlo Creek,National Park,42.18915367,1918/10/25 13:00:00+00,QLD,152.9629705,-26.70481966
QLD_0900FIN001,Finucane Island,National Park,7492.749473,2003/10/29 13:00:00+00,QLD,139.7813038,-17.63072832
NSW_N0057,Woko,National Park,8226.93701,1982/03/18 13:00:00+00,NSW,151.7853453,-31.75837786
TAS_50252,Southwest,National Park,0.37982666,1951/10/23 13:00:00+00,TAS,145.8082924,-43.30437152
SA_0001,Deep Creek,National Park,4468.700638,2021/11/24 13:00:00+00,SA,138.251781,-35.63280272
NSW_N1210,Yiraaldiya,National Park,538.8399814,2023/02/23 13:00:00+00,NSW,150.7993982,-33.71308642
TAS_50244,Maria Island,National Park,0.05295608,1971/06/01 14:00:00+00,TAS,148.0892317,-42.69343999
TAS_50252,Southwest,National Park,0.69851349,1951/10/23 13:00:00+00,TAS,145.7042049,-43.12079189
NSW_N1167,Rocky Glen,CCA Zone 1 National Park,479.0140307,2010/12/31 13:00:00+00,NSW,149.5728083,-31.17165554
TAS_50252,Southwest,National Park,0.01331413,1951/10/23 13:00:00+00,TAS,146.1557833,-43.51841223
NSW_N0198,Kalyarr,National Park,40779.17793,2005/06/23 14:00:00+00,NSW,144.3527304,-34.29768165
QLD_0016KAA001,Kalkajaka,National Park Aboriginal,894.7918385,2021/09/30 14:00:00+00,QLD,145.2343614,-15.66551045
TAS_50244,Maria Island,National Park,0.03879001,1971/06/01 14:00:00+00,TAS,148.1496085,-42.65850486
TAS_50252,Southwest,National Park,0.29294412,1951/10/23 13:00:00+00,TAS,145.8105986,-43.30926236
NSW_N0048,Wadbilliga,National Park,95461.02008,1979/03/29 13:00:00+00,NSW,149.6349797,-36.41390321
QLD_0011RAV001,Ravensbourne,National Park,687.879529,1958/02/14 13:00:00+00,QLD,152.1974974,-27.35585688
QLD_0003MIL001,Millstream Falls,National Park,361.1453925,1909/06/18 14:00:00+00,QLD,145.4658827,-17.63552575
NSW_N0177,Belford,National Park,288.4698872,2002/12/31 13:00:00+00,NSW,151.3015259,-32.64915138
TAS_50254,Tasman,National Park,0.38535972,1917/07/17 14:00:00+00,TAS,147.859721,-43.2124037
WA_47891,Mount Lindesay,National Park,39573.3015,2004/12/07 13:00:00+00,WA,117.3394149,-34.8277232
NSW_N0147,Mount Nothofagus,National Park,2154.430085,1998/12/31 13:00:00+00,NSW,152.6144915,-28.30331886
QLD_0890JNE001,Junee,National Park,5411.120691,2000/12/14 13:00:00+00,QLD,148.9930683,-22.75638067
WA_24047,Cape Arid,National Park,277672.6156,1954/10/21 13:00:00+00,WA,123.434366,-33.56867561
NSW_N0183,Wollumbin,National Park,4248.296043,2003/06/30 14:00:00+00,NSW,153.2580708,-28.38894524
QLD_0597IDL001,Idalia,National Park,141130.7219,1990/11/23 13:00:00+00,QLD,144.6819064,-24.95405248
QLD_1024NNP001,Nerang,National Park,1658.836504,2009/07/30 14:00:00+00,QLD,153.2981495,-27.96835692
NT_PA91,Barranyi (North Island),National Park,5381.126208,1992/03/26 13:00:00+00,NT,136.8679452,-15.56225945
QLD_0951DRS001,Deer Reserve,National Park,3225.761772,2001/04/02 14:00:00+00,QLD,152.5268513,-27.085603
QLD_0015COA001,Coalstoun Lakes,National Park,26.31391398,1929/07/05 14:00:00+00,QLD,151.9102146,-25.59669298
NSW_N0117,Coorabakh,National Park,1807.436611,1998/12/31 13:00:00+00,NSW,152.5235747,-31.71319524
NSW_N0120,Cascade,National Park,3602.242722,1998/12/31 13:00:00+00,NSW,152.8117545,-30.25964555
TAS_50254,Tasman,National Park,0.54979753,1917/07/17 14:00:00+00,TAS,147.9832732,-43.106822
QLD_4239AMU001,Bromley (Ampulin),National Park Aboriginal,40345.98795,2004/07/08 14:00:00+00,QLD,142.9747794,-12.13590749
TAS_50252,Southwest,National Park,0.17218977,1951/10/23 13:00:00+00,TAS,145.9527294,-43.42396081
QLD_1044NAK001,Narkoola,National Park,14059.22637,2010/03/25 13:00:00+00,QLD,147.079889,-28.06062185
TAS_50244,Maria Island,National Park,0.01311339,1971/06/01 14:00:00+00,TAS,148.1482424,-42.66293405
QLD_0303MCG001,Mount Chinghee,National Park,1259.290499,1979/04/06 14:00:00+00,QLD,152.947347,-28.30346188
WA_47878,Greater Hawke,National Park,14008.85423,2004/12/07 13:00:00+00,WA,115.8727256,-34.50683186
TAS_50244,Maria Island,National Park,0.36643067,1971/06/01 14:00:00+00,TAS,148.0864274,-42.72363267
TAS_50241,Freycinet,National Park,0.2048278,1916/08/28 14:00:00+00,TAS,148.3327554,-42.22939093
QLD_0248SRH001,Sarabah,National Park,1.36542748,1973/09/28 14:00:00+00,QLD,153.1230068,-28.04674437
QLD_0990LLP001,Lama Lama,National Park Aboriginal,35551.43446,2008/07/10 14:00:00+00,QLD,143.7461571,-14.42634048
NSW_N0098,Brindabella,National Park,21288.0399,1996/04/03 13:00:00+00,NSW,148.7933448,-35.26759498
NSW_N1127,Keverstone,National Park,1854.760257,2009/03/26 13:00:00+00,NSW,149.2654041,-34.11807634
NSW_N0033,Thirlmere Lakes,National Park,663.101576,1972/04/06 14:00:00+00,NSW,150.539273,-34.22374954
TAS_50252,Southwest,National Park,0.26818043,1951/10/23 13:00:00+00,TAS,145.6673255,-43.07948219
SA_0097,Naracoorte Caves,National Park,658.1447043,1972/04/26 14:00:00+00,SA,140.8124891,-37.06467439
TAS_50241,Freycinet,National Park,0.00208394,1916/08/28 14:00:00+00,TAS,148.3570928,-42.11925623
TAS_50245,Mole Creek Karst,National Park,110.5556138,1939/08/15 14:00:00+00,TAS,146.4083585,-41.59319691
TAS_50251,South Bruny,National Park,0.21673706,1919/01/13 13:00:00+00,TAS,147.2628044,-43.49097506
SA_1233_1,Adelaide International Bird Sanctuary -Winaityinaityi Pangkara,National Park,14850.9743,2016/10/26 13:00:00+00,SA,138.3257691,-34.54873184
NSW_N0081,Booti Booti,National Park,1535.517684,1992/04/23 14:00:00+00,NSW,152.5459863,-32.24067493
WA_22795,Cape Le Grand,National Park,222.6727862,1997/08/21 14:00:00+00,WA,122.1678574,-33.94365357
TAS_50252,Southwest,National Park,0.01803698,1951/10/23 13:00:00+00,TAS,146.155918,-43.51820894
NSW_N0118,Biriwal Bulga,National Park,6489.923942,1998/12/31 13:00:00+00,NSW,152.298295,-31.50584833
NSW_N1062,Murrurundi Pass,CCA Zone 1 National Park,204.9083234,2005/11/30 13:00:00+00,NSW,150.8087122,-31.74040297
NSW_N1207,Koonaburra,National Park,46028.63385,2021/12/09 13:00:00+00,NSW,144.7581305,-32.19371807
TAS_50254,Tasman,National Park,0.01983829,1917/07/17 14:00:00+00,TAS,147.9485692,-43.03285606
NT_PA131,Limmen,National Park,1.70366736,2012/06/25 14:00:00+00,NT,135.7055359,-14.88413686
TAS_50244,Maria Island,National Park,0.05936856,1971/06/01 14:00:00+00,TAS,148.0839592,-42.72389823
TAS_50252,Southwest,National Park,0.73366576,1951/10/23 13:00:00+00,TAS,145.9306478,-43.41345126
QLD_0541WCA001,Wild Cattle Island,National Park,591.435578,1992/03/05 13:00:00+00,QLD,151.4117002,-23.98005048
QLD_0503SMO001,Southern Moreton Bay Islands,National Park,1655.728623,1987/04/10 14:00:00+00,QLD,153.3945084,-27.80033299
NT_PA116,Djukbinj,National Park,13235.12905,1976/08/04 14:00:00+00,NT,131.3282634,-12.2613979
NSW_N1142,Bungonia,National Park,768.994901,2010/05/20 14:00:00+00,NSW,150.0225729,-34.79932593
WA_27023,Frank Hann,National Park,68707.99698,1963/12/05 13:00:00+00,WA,120.3164553,-32.87724065
TAS_50252,Southwest,National Park,0.74867967,1951/10/23 13:00:00+00,TAS,146.1230239,-43.5293403
TAS_50254,Tasman,National Park,0.07558659,1917/07/17 14:00:00+00,TAS,147.7824181,-43.23457745
NT_PA97,Tjoritja / West MacDonnell,National Park,2310.804293,1992/09/29 14:00:00+00,NT,132.8500542,-23.74165726
WA_24229,Watheroo,National Park,1634.058001,1955/07/07 14:00:00+00,WA,115.8513737,-30.34560979
TAS_50252,Southwest,National Park,2.29646712,1951/10/23 13:00:00+00,TAS,146.2558357,-43.66227178
TAS_50252,Southwest,National Park,0.2671844,1951/10/23 13:00:00+00,TAS,146.4778728,-43.53821053
WA_46213,Wellington,National Park,24798.95145,2000/07/03 14:00:00+00,WA,115.9589429,-33.38018748
TAS_50252,Southwest,National Park,0.27613508,1951/10/23 13:00:00+00,TAS,145.8408103,-43.2944407
TAS_50254,Tasman,National Park,0.18265839,1917/07/17 14:00:00+00,TAS,147.845108,-43.18906758
TAS_50241,Freycinet,National Park,0.00136585,1916/08/28 14:00:00+00,TAS,148.278063,-42.32650191
QLD_0543SAI001,Wuthathi (Saunders Islands),National Park Aboriginal,66.60246611,1989/03/31 13:00:00+00,QLD,143.0930877,-11.76924473
VIC_3287,Alfred,National Park,3021.746112,1956/10/29 13:00:00+00,VIC,149.3696165,-37.56521707
WA_31737,Fitzgerald River,National Park,9187.574259,1973/01/18 13:00:00+00,WA,119.6265624,-34.11396816
QLD_0215BKM001,Black Mountain,National Park,2.97686649,1967/09/08 14:00:00+00,QLD,145.2210459,-15.65140186
NSW_N1054,Garrawilla,CCA Zone 1 National Park,933.3919974,2005/11/30 13:00:00+00,NSW,149.630892,-31.10679056
NT_PA93,Keep River,National Park,2860.786633,1981/04/14 14:00:00+00,NT,129.0330438,-15.96390795
TAS_50251,South Bruny,National Park,0.2035658,1919/01/13 13:00:00+00,TAS,147.1353275,-43.49864322
ACT_39,Namadgi,National Park,30.48915335,2013/03/17 13:00:00+00,ACT,149.0560222,-35.5385807
VIC_3294,Lake Eildon,National Park,27821.72908,1957/12/17 13:00:00+00,VIC,145.9784974,-37.30557148
QLD_0947AMM001,Amamoor,National Park,38.58288596,2001/05/03 14:00:00+00,QLD,152.6456254,-26.32465093
QLD_0740GDN001,Good Night Scrub,National Park,6671.61264,1998/05/14 14:00:00+00,QLD,151.8887662,-25.30723756
WA_35104,Collier Range,National Park,235222.7967,1978/01/19 13:00:00+00,WA,119.0719736,-24.65356219
WA_12046,William Bay,National Park,29.53562444,1909/04/22 14:00:00+00,WA,117.2279044,-34.99872867
VIC_3321,Yarra Ranges,National Park,77254.19885,1995/12/14 13:00:00+00,VIC,145.5880773,-37.60995191
NSW_N1111,Worimi,National Park,1877.297146,2007/01/31 13:00:00+00,NSW,151.9654583,-32.79389339
TAS_50251,South Bruny,National Park,0.45941415,1919/01/13 13:00:00+00,TAS,147.2997224,-43.53251124
QLD_0360MNV001,Minerva Hills,National Park,2823.801962,1978/08/18 14:00:00+00,QLD,148.0572432,-24.07640647
QLD_0584RUN001,Rundle Range,National Park,2154.345917,1990/04/13 14:00:00+00,QLD,150.9744982,-23.64623517
NSW_N0150,Ramornie,National Park,3272.173097,1998/12/31 13:00:00+00,NSW,152.6683868,-29.72057561
QLD_0254ALT001,Alton,National Park,557.9662208,1973/12/08 13:00:00+00,QLD,149.3312831,-27.996994
TAS_50252,Southwest,National Park,0.15606636,1951/10/23 13:00:00+00,TAS,145.9354233,-43.41962346
QLD_0965BBK001,Bulburin,National Park,34298.50718,2000/11/09 13:00:00+00,QLD,151.5126833,-24.54976737
NT_PA88,Nitmiluk,National Park,113171.8458,1997/12/10 13:00:00+00,NT,132.5580543,-13.90350172
NSW_N0036,Weddin Mountains,National Park,8718.437978,1971/11/11 13:00:00+00,NSW,147.9859102,-33.94502105
QLD_0550SAN001,Sandbanks,National Park,7.21512063,1989/03/31 13:00:00+00,QLD,143.9721819,-13.43790202
WA_41051,Mount Augustus,National Park,9163.455066,1989/09/21 14:00:00+00,WA,116.8503531,-24.33475591
QLD_0944WCP001,Woocoo,National Park,243.6796619,2000/11/09 13:00:00+00,QLD,152.3291716,-25.63786794
QLD_0160CHB001,Cape Hillsborough,National Park,1073.708941,1968/12/31 13:00:00+00,QLD,149.0275503,-20.91170713
QLD_0041MBK001,Malbon Thompson Range,National Park,624.9942644,2024/06/26 14:00:00+00,QLD,145.9566488,-17.1916813
QLD_0173GLH001,Glass House Mountains,National Park,3017.83438,1954/11/12 13:00:00+00,QLD,152.9431103,-26.94980918
WA_13045,Walpole-Nornalup,National Park,14913.46936,1972/05/25 14:00:00+00,WA,116.6043816,-35.02712896
QLD_0799MOW001,Mowbray,National Park,8799.431095,1998/04/08 14:00:00+00,QLD,145.4521491,-16.60643587
TAS_50254,Tasman,National Park,0.68063089,1917/07/17 14:00:00+00,TAS,148.000025,-42.95994034
NSW_N0151,Single,National Park,2563.125607,1998/12/31 13:00:00+00,NSW,151.4118816,-29.99813632
TAS_50251,South Bruny,National Park,0.08863983,1919/01/13 13:00:00+00,TAS,147.1515727,-43.49054347
TAS_50251,South Bruny,National Park,1.63564217,1919/01/13 13:00:00+00,TAS,147.2855823,-43.53460583
TAS_50252,Southwest,National Park,0.61534109,1951/10/23 13:00:00+00,TAS,146.2706707,-43.62919135
NT_PA97,Tjoritja / West MacDonnell,National Park,5010.303076,1993/02/24 13:00:00+00,NT,132.3223578,-23.68078804
TAS_50252,Southwest,National Park,1.8261167,1951/10/23 13:00:00+00,TAS,145.6671315,-43.08213932
TAS_50252,Southwest,National Park,0.199029,1951/10/23 13:00:00+00,TAS,146.3510802,-43.60755373
QLD_0140KES001,Keppel Bay Islands,National Park (Scientific),95.13535069,1940/06/14 14:00:00+00,QLD,151.0753107,-23.15884494
TAS_50244,Maria Island,National Park,0.03440856,1971/06/01 14:00:00+00,TAS,148.1300394,-42.60097997
TAS_50252,Southwest,National Park,28.52027871,1951/10/23 13:00:00+00,TAS,146.121577,-42.82370384
NSW_N0082,Bournda,National Park,2661.31409,1992/04/23 14:00:00+00,NSW,149.9209335,-36.8126497
TAS_50254,Tasman,National Park,0.45120031,1917/07/17 14:00:00+00,TAS,147.9840536,-43.22471167
TAS_50252,Southwest,National Park,0.38609638,1951/10/23 13:00:00+00,TAS,146.1083267,-43.55871575
QLD_0976WGI001,Wongi,National Park,10936.96947,2001/05/03 14:00:00+00,QLD,152.2450524,-25.50625232
TAS_50254,Tasman,National Park,0.06836313,1917/07/17 14:00:00+00,TAS,147.9488931,-43.20589619
NSW_N0129,Mummel Gulf,National Park,14056.93694,1998/12/31 13:00:00+00,NSW,151.8560375,-31.32221738
NT_PA88,Nitmiluk,National Park,100308.4782,1962/10/21 13:00:00+00,NT,132.5032221,-14.28608731
NSW_N0156,Kwiambal,National Park,7681.265281,2000/05/18 14:00:00+00,NSW,150.9671345,-29.1719569
WA_47956,Bramley,National Park,3891.663076,2004/12/07 13:00:00+00,WA,115.1233194,-33.93237862
NSW_N0062,Nightcap,National Park,8108.534154,1983/04/21 14:00:00+00,NSW,153.3211773,-28.55995262
TAS_50241,Freycinet,National Park,0.68194778,1916/08/28 14:00:00+00,TAS,148.3252213,-42.08253963
NSW_N0032,Sturt,National Park,345565.6958,1972/02/24 13:00:00+00,NSW,141.8243722,-29.2161532
TAS_50254,Tasman,National Park,0.07913468,1917/07/17 14:00:00+00,TAS,147.9955375,-43.22410098
WA_53913,Warlibirri,National Park,15872.43183,2021/09/21 14:00:00+00,WA,126.3597898,-18.25721824
TAS_50254,Tasman,National Park,0.03379613,1917/07/17 14:00:00+00,TAS,147.9499146,-43.04629485
NSW_N0020,Macquarie Pass,National Park,1046.597454,1969/12/02 13:00:00+00,NSW,150.6689033,-34.55771148
QLD_0150KDL001,Kondalilla,National Park,1568.073605,1963/11/29 13:00:00+00,QLD,152.8342836,-26.68185314
QLD_0904NRN001,Nairana,National Park,19379.50986,2003/10/09 13:00:00+00,QLD,146.909463,-21.69259404
TAS_50252,Southwest,National Park,1.56250863,1951/10/23 13:00:00+00,TAS,146.0817477,-42.8049524
TAS_50254,Tasman,National Park,0.05085548,1917/07/17 14:00:00+00,TAS,148.0045338,-43.23157589
TAS_50252,Southwest,National Park,0.26741588,1951/10/23 13:00:00+00,TAS,147.0005464,-43.85338274
TAS_50241,Freycinet,National Park,0.00316698,1916/08/28 14:00:00+00,TAS,148.2997739,-42.13290005
TAS_50252,Southwest,National Park,0.32275785,1951/10/23 13:00:00+00,TAS,145.8121493,-43.27801086
TAS_50254,Tasman,National Park,5998.35397,1917/07/17 14:00:00+00,TAS,147.9501216,-43.18476705
TAS_50252,Southwest,National Park,0.12528869,1951/10/23 13:00:00+00,TAS,146.2674486,-43.65963834
QLD_1056BSR001,Basilisk Range,National Park,2221.330353,2010/06/03 14:00:00+00,QLD,145.9638796,-17.70751384
VIC_3301,French Island,National Park,10317.8449,1988/06/20 14:00:00+00,VIC,145.4198064,-38.33707229
TAS_50252,Southwest,National Park,0.74078102,1951/10/23 13:00:00+00,TAS,145.7596307,-43.18334764
NSW_N0092,Toonumbar,National Park,14938.70243,1995/12/21 13:00:00+00,NSW,152.7366659,-28.49513448
NT_PA97,Tjoritja / West MacDonnell,National Park,0.9224724,1992/09/29 14:00:00+00,NT,133.8548508,-23.66435125
TAS_50251,South Bruny,National Park,0.07289514,1919/01/13 13:00:00+00,TAS,147.3261342,-43.49845524
NSW_N0171,Yanununbeyan,National Park,3486.582438,2000/12/31 13:00:00+00,NSW,149.4098455,-35.51635188
NT_PA59,Finke Gorge,National Park,3546.159134,1966/10/27 13:00:00+00,NT,132.665959,-24.050663
TAS_50251,South Bruny,National Park,0.03299095,1919/01/13 13:00:00+00,TAS,147.1455415,-43.49771682
QLD_0030YAC001,Yamarrinh Wachangan Islands (Denham Group),National Park Aboriginal,69.88833402,1989/03/31 13:00:00+00,QLD,143.0164189,-11.16967584
TAS_50241,Freycinet,National Park,0.02396475,1916/08/28 14:00:00+00,TAS,148.3172422,-42.15569889
QLD_0684CGP001,Culgoa Floodplain,National Park,61784.3235,1994/06/02 14:00:00+00,QLD,146.9658722,-28.90067104
TAS_50244,Maria Island,National Park,0.27642849,1971/06/01 14:00:00+00,TAS,148.1368461,-42.61906007
TAS_50252,Southwest,National Park,0.4763834,1951/10/23 13:00:00+00,TAS,146.3550965,-43.53487682
QLD_1061MTA001,Mount Abbot,National Park (Scientific),1380.233165,2010/12/09 13:00:00+00,QLD,147.7173507,-20.11635341
TAS_50248,Narawntapu,National Park,4408.377175,1976/07/06 14:00:00+00,TAS,146.6465795,-41.13155881
QLD_1048MCI001,Macalister Range,National Park,5628.047921,2010/03/25 13:00:00+00,QLD,145.5277609,-16.64980712
NSW_N1068,Tinkrameanah,CCA Zone 1 National Park,968.0620695,2005/11/30 13:00:00+00,NSW,149.7064965,-31.34543969
QLD_0983MUD001,Mudlo,National Park,2187.773337,2000/11/09 13:00:00+00,QLD,152.2110791,-26.02643123
NT_PA118,Mary River,National Park,1208.105376,1986/03/27 13:00:00+00,NT,131.8710711,-12.46507102
TAS_50253,Strzelecki,National Park,7575.123931,1967/03/14 13:00:00+00,TAS,148.1092479,-40.22330911
TAS_50252,Southwest,National Park,0.18966228,1951/10/23 13:00:00+00,TAS,146.7042551,-43.62815059
NT_PA59,Finke Gorge,National Park,32790.0563,1966/10/27 13:00:00+00,NT,132.7533112,-24.16859113
QLD_0023BAU001,Mount Bauple,National Park (Scientific),539.1363376,1977/10/12 13:00:00+00,QLD,152.5768072,-25.81063605
TAS_50254,Tasman,National Park,0.0701547,1917/07/17 14:00:00+00,TAS,147.9724084,-42.86689409
TAS_50251,South Bruny,National Park,0.09920256,1919/01/13 13:00:00+00,TAS,147.1081519,-43.44045945
VIC_4711,Point Nepean,National Park,539.8747156,2005/08/16 14:00:00+00,VIC,144.6855851,-38.31535226
VIC_3288,Brisbane Ranges,National Park,8880.868034,1975/11/30 13:00:00+00,VIC,144.2684189,-37.83581292
QLD_0042TAC001,The Lakes,National Park,43141.4546,2024/06/26 14:00:00+00,QLD,144.330729,-19.86268513
WA_27107,Gull Rock,National Park,2107.033359,1964/01/09 13:00:00+00,WA,118.0360573,-35.00337952
WA_53976,Dryandra,National Park,16535.94628,2022/03/01 13:00:00+00,WA,116.9279323,-32.78782313
NSW_N1135,Lachlan Valley,National Park,22944.3501,2010/06/30 14:00:00+00,NSW,145.6805203,-33.3135042
TAS_50252,Southwest,National Park,0.06874883,1951/10/23 13:00:00+00,TAS,146.1535992,-43.53459983
TAS_50252,Southwest,National Park,0.20947676,1951/10/23 13:00:00+00,TAS,145.8401186,-43.31499744
TAS_50252,Southwest,National Park,35.5755692,1951/10/23 13:00:00+00,TAS,146.1315449,-42.83338715
QLD_1095BIQ001,Biniirr,National Park Aboriginal,29308.39475,2016/04/07 14:00:00+00,QLD,144.9556097,-15.13414402
TAS_50252,Southwest,National Park,0.34360379,1951/10/23 13:00:00+00,TAS,146.0168025,-43.46127153
VIC_3312,Baw Baw,National Park,12781.30548,1979/04/25 14:00:00+00,VIC,146.3076626,-37.84073522
NSW_N0045,Budawang,National Park,23999.98679,1977/09/22 14:00:00+00,NSW,150.0650013,-35.41322147
TAS_50252,Southwest,National Park,0.58166847,1951/10/23 13:00:00+00,TAS,145.8104522,-43.27976084
TAS_50240,Franklin-Gordon Wild Rivers,National Park,463565.8853,1908/04/07 14:00:00+00,TAS,145.960779,-42.46079678
QLD_0236EPP001,Epping Forest,National Park (Scientific),2693.364188,1970/06/05 14:00:00+00,QLD,146.7059279,-22.35730997
WA_47890,Mount Roe,National Park,248.1672589,2004/12/07 13:00:00+00,WA,116.902751,-34.48132092
TAS_50238,Cradle Mountain-Lake St Clair,National Park,161676.3771,1922/05/15 14:00:00+00,TAS,145.960949,-41.80634146
TAS_50251,South Bruny,National Park,0.05752663,1919/01/13 13:00:00+00,TAS,147.1499738,-43.49354456
TAS_50251,South Bruny,National Park,0.09618001,1919/01/13 13:00:00+00,TAS,147.1461815,-43.49803263
NSW_N0019,Ku-ring-gai Chase,National Park,15533.38505,1967/09/30 14:00:00+00,NSW,151.2156104,-33.60416278
QLD_0229SOU001,Southwood,National Park,7120.064265,1971/10/08 13:00:00+00,QLD,150.1375873,-27.81349
NT_PA118,Mary River,National Park,193.8627244,1990/02/08 13:00:00+00,NT,131.7546361,-12.58066705
QLD_0247FRW001,Freshwater,National Park,161.1516949,1973/06/22 14:00:00+00,QLD,152.9914731,-27.17671714
TAS_50251,South Bruny,National Park,0.84020638,1919/01/13 13:00:00+00,TAS,147.2480228,-43.49415257
TAS_50241,Freycinet,National Park,0.00532816,1916/08/28 14:00:00+00,TAS,148.3529225,-42.11760649
TAS_50252,Southwest,National Park,0.54937846,1951/10/23 13:00:00+00,TAS,146.6544535,-43.58700415
TAS_50252,Southwest,National Park,0.05656532,1951/10/23 13:00:00+00,TAS,146.9744694,-43.86004333
QLD_0971AYP001,Annan River (Yuku Baja-Muliku),National Park,8686.250092,2006/09/07 14:00:00+00,QLD,145.2094813,-15.55833784
NT_PA68,Garig Gunak Barlu,National Park,167.4951541,1981/09/01 14:00:00+00,NT,132.1563776,-11.56470856
NSW_N0174,Turon,National Park,3098.626738,2002/08/15 14:00:00+00,NSW,149.9378109,-33.19964522
TAS_50244,Maria Island,National Park,0.00977212,1971/06/01 14:00:00+00,TAS,148.1504836,-42.65816932
NT_PA40,Dulcie Range,National Park,18778.91384,1991/02/28 13:00:00+00,NT,135.5314026,-22.52630555
TAS_50254,Tasman,National Park,0.05420584,1917/07/17 14:00:00+00,TAS,147.9964657,-43.14001887
WA_53379,Houtman Abrolhos Islands,National Park,1564.05377,2019/07/04 14:00:00+00,WA,113.6975468,-28.46353484
WA_53839,Lakeside,National Park,8471.018909,2021/02/17 13:00:00+00,WA,117.5152425,-27.64668279
QLD_0202AUB001,Auburn River,National Park,409.5032851,1964/06/19 14:00:00+00,QLD,151.0552059,-25.71946954
QLD_0996KUL001,KULLA (McIlwraith Range),National Park Aboriginal,158787.4796,2006/02/16 13:00:00+00,QLD,143.3422611,-13.90061551
WA_54417,Burringurrah,National Park,2.37971866,2024/06/04 14:00:00+00,WA,116.8213434,-24.35497926
VIC_3316,Grampians,National Park,168276.8397,1984/12/17 13:00:00+00,VIC,142.3747558,-37.22670202
TAS_50254,Tasman,National Park,0.0633584,1917/07/17 14:00:00+00,TAS,147.9815616,-43.11234305
